id,first_name,last_name,gender,email,address,city,postal_code,age
0,Wilbert,Loera,male,wilbert@cox.net,71 Keskustie,Pori,38600,28
1,Terra,Marks,male,terra.marks@verizon.net,323 Susikoskentie,Pori,38600,8
2,Rodrigo,Dubray,male,rodrigo.dubray@aol.com,1 Huhtalantie,Pori,38600,23
3,Judy,Charles,female,j.charles@msn.com,476 Huhtalantie,Pori,38600,41
4,Barton,Rudd,male,b.rudd@verizon.net,503 Kuntotie,Pori,38600,10
5,Mark,Trimble,male,mark.trimble@comcast.net,419 Luhtakuja,Pori,38600,65
6,Rachael,Godina,male,rachael_godina@cox.net,676 Huhtalantie,Pori,38600,13
7,Hunter,Rosenberg,female,h.rosenberg@verizon.net,327 Kuntotie,Pori,38600,13
8,Marcelino,Greer,female,mgreer@aol.com,364 Tarhurintie,Pori,38600,28
9,Harold,Terry,male,h_terry@msn.com,411 Teollisuustie,Pori,38600,20
10,Mariano,Ramachandran,male,mariano.ramachandran@cox.net,192 Luhtakuja,Pori,38600,51
11,Tammi,Ninham,female,tammi_ninham@aol.com,771 Huhtalantie,Pori,38600,78
12,Dawn,Ingram,female,dawn@aol.com,707 Keskustie,Pori,38600,8
13,Isaiah,North,male,isaiah.north@cox.net,994 Huhtalantie,Pori,38600,50
14,Abigail,Metcalf,female,abigailmetcalf@hotmail.com,380 Luhtakuja,Pori,38600,55
15,Rocky,Melendrez,male,rocky@aol.com,313 Viittatie,Pori,38600,38
16,Vincent,Orr,male,vorr@aol.com,658 Susikoskentie,Pori,38600,27
17,Nellie,Hardison,female,n_hardison@comcast.net,665 Viittatie,Pori,38600,35
18,Earnestine,Aoki,female,eaoki@cox.net,670 Huhtalantie,Pori,38600,3
19,Wendi,Case,female,w_case@msn.com,278 Luhtakuja,Pori,38600,18
20,Louise,Lindsey,female,l_lindsey@hotmail.com,549 Kuntotie,Pori,38600,38
21,Kimberley,Coates,female,k_coates@gmail.com,270 Lutikontie,Pori,38600,12
22,Marion,Miramontes,male,marion.miramontes@yahoo.com,223 Huhtalantie,Pori,38600,15
23,Clinton,Sumner,male,c.sumner@aol.com,215 Keskustie,Pori,38600,40
24,Aldo,Walkingeagle,female,aldo_walkingeagle@yahoo.com,32 Huhtalantie,Pori,38600,22
25,Rodney,Zuni,male,rodney.zuni@yahoo.com,116 Luhtakuja,Pori,38600,45
26,Phil,Masuda,male,p.masuda@aol.com,279 Huhtalantie,Pori,38600,28
27,Mercedes,Huff,female,mercedes_huff@gmail.com,130 Tarhurintie,Pori,38600,5
28,Floyd,Carranza,male,floyd_carranza@cox.net,650 Kuntotie,Pori,38600,38
29,Anton,Platero,male,platero@verizon.net,455 Lutikontie,Pori,38600,13
30,Thad,Wagner,female,thadwagner@yahoo.com,313 Huhtalantie,Pori,38600,7
31,Christa,Jan,female,christa.jan@comcast.net,225 Keskustie,Pori,38600,58
32,Emile,Lemus,male,emile_lemus@yahoo.com,794 Keskustie,Pori,38600,27
33,Alexis,Moses,male,a_moses@hotmail.com,158 Huhtalantie,Pori,38600,8
34,Marlin,Agosto,male,marlinagosto@cox.net,363 Tarhurintie,Pori,38600,85
35,Ernie,Hancock,male,ehancock@hotmail.com,213 Susikoskentie,Pori,38600,48
36,Audra,Feliciano,female,audra_feliciano@yahoo.com,384 Keskustie,Pori,38600,10
37,Fred,Healy,female,fred.healy@comcast.net,303 Susikoskentie,Pori,38600,27
38,Taylor,Kelley,male,kelley@cox.net,608 Luhtakuja,Pori,38600,7
39,Linwood,Barragan,male,linwood@comcast.net,338 Viittatie,Pori,38600,43
40,Ebony,Clements,female,clements@hotmail.com,676 Huhtalantie,Pori,38600,21
41,Rae,Mouse,female,r.mouse@msn.com,570 Viittatie,Pori,38600,25
42,Sergio,Swinton,male,sergio.swinton@hotmail.com,174 Lutikontie,Pori,38600,35
43,Brain,Gordon,male,braingordon@cox.net,89 Luhtakuja,Pori,38600,25
44,Erin,York,male,e_york@aol.com,985 Luhtakuja,Pori,38600,1
45,Omar,Callender,male,omarcallender@comcast.net,751 Keskustie,Pori,38600,30
46,Brent,Farrell,male,farrell@verizon.net,818 Luhtakuja,Pori,38600,1
47,Derrick,Samayoa,male,derrick@cox.net,127 Susikoskentie,Pori,38600,30
48,Blaine,Jemison,male,blaine@yahoo.com,333 Viittatie,Pori,38600,51
49,Orville,Bhagat,male,orville_bhagat@verizon.net,502 Keskustie,Pori,38600,32
50,Susanna,Miles,female,smiles@cox.net,648 Viittatie,Pori,38600,62
51,Solomon,Galloway,male,galloway@aol.com,277 Susikoskentie,Pori,38600,36
52,Raquel,Costa,female,costa@gmail.com,275 Sepelikuja,Turku,20740,55
53,Lowell,Little,male,lowell_little@comcast.net,442 Pellavakatu,Turku,20740,46
54,Laurence,Evans,male,laurence_evans@yahoo.com,323 Ruiskatu,Turku,20720,41
55,Reggie,Ledbetter,male,rledbetter@gmail.com,150 Murskekuja,Turku,20740,63
56,Freeman,Long,male,long@yahoo.com,81 Hovioikeudenkatu,Turku,20500,32
57,Santos,Pizano,female,pizano@aol.com,977 Sepelikuja,Turku,20740,57
58,Agnes,Crouse,female,crouse@gmail.com,425 Vähärasinkatu,Turku,20540,38
59,Marian,Calvert,female,marian.calvert@comcast.net,38 Hovioikeudenkatu,Turku,20500,21
60,Bernice,Edmonds,female,bernice.edmonds@gmail.com,661 Kaurakatu,Turku,20740,12
61,Elliot,Mancia,male,elliot@comcast.net,53 Kellonsoittajankatu,Turku,20500,3
62,Tara,Fox,male,tfox@gmail.com,938 Jarrumiehenkatu,Turku,20100,38
63,Kendrick,Francis,male,francis@cox.net,505 Hovioikeudenkatu,Turku,20500,28
64,Bart,Melara,female,bart@msn.com,420 Ohrakatu,Turku,20740,47
65,Terrie,Farley,female,t_farley@yahoo.com,987 Kellonsoittajankatu,Turku,20500,12
66,Jake,Fox,male,jake@cox.net,151 Ruiskatu,Turku,20720,0
67,Jared,Oneil,male,j_oneil@hotmail.com,452 Ruiskatu,Turku,20720,12
68,Constance,Wray,female,constancewray@comcast.net,321 Vähärasinkatu,Turku,20540,38
69,Liz,Matamoros,female,l_matamoros@comcast.net,462 Ruiskatu,Turku,20720,88
70,Mason,Singleton,male,mason_singleton@hotmail.com,466 Vähärasinkatu,Turku,20540,46
71,Elvin,Newman,male,elvinnewman@cox.net,622 Jarrumiehenkatu,Turku,20100,17
72,Sammie,Ocampo,male,sammieocampo@cox.net,769 Vähärasinkatu,Turku,20540,16
73,Estela,Rivera,female,estela@aol.com,85 Pellavakatu,Turku,20740,7
74,Ali,Powell,female,ali.powell@verizon.net,92 Ruiskatu,Turku,20720,0
75,Helga,Abeita,female,h.abeita@aol.com,22 Ruiskatu,Turku,20720,52
76,Young,Saiki,female,ysaiki@gmail.com,829 Kellonsoittajankatu,Turku,20500,66
77,Angelica,Bales,male,bales@msn.com,960 Vähärasinkatu,Turku,20540,5
78,Betty,Jacobs,male,b_jacobs@yahoo.com,534 Vähärasinkatu,Turku,20540,18
79,Loren,Asuncion,male,loren_asuncion@gmail.com,739 Ohrakatu,Turku,20740,11
80,Mickey,Shiu,female,mshiu@aol.com,724 Jarrumiehenkatu,Turku,20100,1
81,Dena,Drake,female,dena@verizon.net,254 Nupukuja,Turku,20740,57
82,Bryant,No,male,b.no@verizon.net,957 Vähärasinkatu,Turku,20540,8
83,Jamel,Schultz,male,j.schultz@comcast.net,877 Murskekuja,Turku,20740,37
84,Todd,Bustillos,male,todd_bustillos@yahoo.com,658 Hovioikeudenkatu,Turku,20500,6
85,Michel,Mcdaniel,male,michel.mcdaniel@cox.net,928 Kaurakatu,Turku,20740,46
86,Lavonne,Quintero,female,l.quintero@msn.com,737 Vähärasinkatu,Turku,20540,18
87,Dalton,Hayes,male,dalton_hayes@gmail.com,312 Vähärasinkatu,Turku,20540,28
88,Jolene,Duke,female,duke@yahoo.com,118 Vähärasinkatu,Turku,20540,31
89,Darius,Hardy,male,darius@hotmail.com,981 Ruiskatu,Turku,20720,65
90,Monroe,Subramaniam,male,m.subramaniam@yahoo.com,693 Ruiskatu,Turku,20720,57
91,Alfredo,Gaddy,female,a.gaddy@comcast.net,926 Kurjenkaivonkenttä,Turku,20520,71
92,Dino,Saenz,male,saenz@msn.com,923 Ruiskatu,Turku,20720,32
93,Yvette,Brave,male,yvette.brave@hotmail.com,246 Hovioikeudenkatu,Turku,20500,70
94,Corinne,Tillman,female,corinne_tillman@hotmail.com,156 Nupukuja,Turku,20740,78
95,Mervin,Peters,male,m.peters@hotmail.com,772 Ruiskatu,Turku,20720,5
96,Samuel,Conde,male,conde@aol.com,223 Sepelikuja,Turku,20740,7
97,Tim,Tinker,male,timtinker@yahoo.com,644 Vähärasinkatu,Turku,20540,17
98,Nathaniel,Pickett,male,nathaniel.pickett@yahoo.com,338 Kaurakatu,Turku,20740,72
99,Osvaldo,Weber,male,osvaldo@msn.com,864 Murskekuja,Turku,20740,45
100,Ronny,Baum,male,ronny@verizon.net,378 Vähärasinkatu,Turku,20540,61
101,Donny,Stout,female,d_stout@verizon.net,217 Ohrakatu,Turku,20740,73
102,Maxine,Cole,male,maxine.cole@cox.net,190 Ruiskatu,Turku,20720,27
103,Donnie,Sullivan,male,donnie@gmail.com,207 Ruiskatu,Turku,20720,73
104,Michelle,Chum,male,michelle.chum@hotmail.com,657 Ruiskatu,Turku,20720,3
105,Shana,Neal,female,shana@msn.com,892 Vähärasinkatu,Turku,20540,12
106,Vern,Larocque,male,vlarocque@verizon.net,842 Ruiskatu,Turku,20720,27
107,Christi,Tamez,female,tamez@aol.com,394 Jarrumiehenkatu,Turku,20100,51
108,Phyllis,Bowden,female,phyllis@cox.net,351 Murskekuja,Turku,20740,10
109,Eugenio,Riley,male,e.riley@cox.net,770 Nisukatu,Turku,20740,65
110,Deanna,Miner,male,deanna@verizon.net,120 Hovioikeudenkatu,Turku,20500,26
111,Noel,Correa,male,n.correa@aol.com,70 Kaurakatu,Turku,20740,46
112,Claudette,Beyer,female,cbeyer@yahoo.com,613 Vähärasinkatu,Turku,20540,52
113,Darren,Saunders,male,saunders@comcast.net,859 Kurjenkaivonkenttä,Turku,20520,3
114,Cameron,Mott,male,mott@yahoo.com,393 Vähärasinkatu,Turku,20540,6
115,Lynn,Hum,female,lhum@comcast.net,567 Vähärasinkatu,Turku,20540,16
116,Kenneth,Culver,female,culver@yahoo.com,633 Kellonsoittajankatu,Turku,20500,45
117,Frederic,Jennings,male,fredericjennings@yahoo.com,679 Jarrumiehenkatu,Turku,20100,2
118,Jaime,Eason,female,jaime@cox.net,819 Ohrakatu,Turku,20740,2
119,Amy,Andres,female,a_andres@gmail.com,277 Nisukatu,Turku,20740,33
120,Margaret,Gardner,female,margaret.gardner@verizon.net,541 Nupukuja,Turku,20740,22
121,Maxwell,Belle,male,mbelle@verizon.net,949 Kurjenkaivonkenttä,Turku,20520,5
122,Wilma,Newcomb,female,wilma@comcast.net,930 Kellonsoittajankatu,Turku,20500,37
123,Winnie,Woodson,male,w_woodson@verizon.net,567 Ohrakatu,Turku,20740,2
124,Harvey,Silver,male,h.silver@hotmail.com,775 Murskekuja,Turku,20740,1
125,Carlo,Ceja,male,cceja@gmail.com,628 Ruiskatu,Turku,20720,10
126,Daisy,Licon,female,licon@comcast.net,854 Vähärasinkatu,Turku,20540,30
127,Melisa,Vickers,male,m_vickers@msn.com,915 Kurjenkaivonkenttä,Turku,20520,33
128,Kathy,Yamane,female,kyamane@aol.com,770 Ruiskatu,Turku,20720,28
129,Anna,Thorne,female,athorne@comcast.net,100 Kurjenkaivonkenttä,Turku,20520,73
130,Rosalind,Dixon,female,rdixon@gmail.com,574 Kurjenkaivonkenttä,Turku,20520,15
131,Joaquin,Jenkins,male,jenkins@hotmail.com,586 Kaurakatu,Turku,20740,8
132,Ronald,Parker,female,r_parker@aol.com,412 Kurjenkaivonkenttä,Turku,20520,30
133,William,Yi,male,w.yi@gmail.com,1 Ruiskatu,Turku,20720,43
134,Shawna,Rubio,female,shawna_rubio@msn.com,846 Jarrumiehenkatu,Turku,20100,1
135,Marcella,Mccoy,female,mmccoy@msn.com,700 Hovioikeudenkatu,Turku,20500,71
136,Maynard,Naeem,male,naeem@msn.com,8 Vähärasinkatu,Turku,20540,13
137,Sanford,Blunt,male,blunt@verizon.net,2 Vähärasinkatu,Turku,20540,48
138,Kasey,Maloney,female,kasey.maloney@cox.net,179 Vähärasinkatu,Turku,20540,63
139,Yvonne,Everett,female,yvonneeverett@yahoo.com,495 Pellavakatu,Turku,20740,51
140,Robby,Denny,female,r.denny@gmail.com,376 Nupukuja,Turku,20740,27
141,Leroy,Williams,male,leroy.williams@hotmail.com,216 Kaurakatu,Turku,20740,2
142,Chris,Gregory,male,chrisgregory@hotmail.com,261 Kurjenkaivonkenttä,Turku,20520,13
143,Percy,Sato,male,percysato@msn.com,403 Ruiskatu,Turku,20720,33
144,Marta,Emerson,female,marta_emerson@cox.net,115 Hovioikeudenkatu,Turku,20500,40
145,Arron,Kent,male,arron_kent@gmail.com,841 Kellonsoittajankatu,Turku,20500,71
146,Landon,Holden,male,landon@verizon.net,329 Ruiskatu,Turku,20720,78
147,Dale,Gross,male,dale_gross@msn.com,74 Kellonsoittajankatu,Turku,20500,13
148,Hollie,Gould,female,hollie.gould@msn.com,807 Kaurakatu,Turku,20740,55
149,Fletcher,Ha,male,f.ha@verizon.net,354 Jarrumiehenkatu,Turku,20100,33
150,Hazel,Bauer,female,h.bauer@comcast.net,303 Ruiskatu,Turku,20720,6
151,Beth,Ferrara,female,beth_ferrara@verizon.net,105 Ruiskatu,Turku,20720,60
152,Andy,Milligan,male,a_milligan@cox.net,276 Hovioikeudenkatu,Turku,20500,50
153,Elijah,Hyde,male,elijah.hyde@aol.com,108 Kaurakatu,Turku,20740,5
154,Dora,Shaw,female,shaw@verizon.net,236 Vähärasinkatu,Turku,20540,60
155,Terri,Miyamoto,male,t.miyamoto@aol.com,540 Ruiskatu,Turku,20720,38
156,Mayra,Parker,female,mayra@comcast.net,24 Ruiskatu,Turku,20720,5
157,Gilbert,Mody,male,g_mody@gmail.com,320 Sepelikuja,Turku,20740,32
158,Annmarie,Greenwood,female,annmarie.greenwood@aol.com,975 Kurjenkaivonkenttä,Turku,20520,15
159,Dane,Ware,male,dane@hotmail.com,836 Kellonsoittajankatu,Turku,20500,30
160,Charlene,Stewart,female,c_stewart@msn.com,707 Murskekuja,Turku,20740,25
161,Alba,Hidalgo,female,a.hidalgo@cox.net,723 Ruiskatu,Turku,20720,26
162,Candace,Catalan,male,candace.catalan@hotmail.com,301 Murskekuja,Turku,20740,66
163,Josef,Costilla,male,josef@comcast.net,555 Nupukuja,Turku,20740,52
164,Carrie,Parish,female,parish@comcast.net,929 Ruiskatu,Turku,20720,11
165,Jami,Grubbs,female,jami_grubbs@gmail.com,674 Sepelikuja,Turku,20740,56
166,Glenda,Brandon,female,gbrandon@verizon.net,932 Ruiskatu,Turku,20720,42
167,Jay,Tiscareno,male,tiscareno@verizon.net,118 Jussintie,Oulu,90250,13
168,Romeo,Land,male,romeo_land@gmail.com,514 Pyyryväismutka,Oulu,90230,1
169,Duncan,Lamb,male,duncanlamb@msn.com,475 Lappotie,Oulu,90650,32
170,Greg,Brock,female,g.brock@gmail.com,716 Kölinkaari,Oulu,90220,22
171,Lawanda,Daniel,male,lawanda_daniel@msn.com,168 Tällärintie,Oulu,90650,30
172,Ahmad,Jeong,female,ahmad_jeong@comcast.net,206 Rinnekuja,Oulu,90029,55
173,Jerry,Chaney,female,chaney@msn.com,635 Lehtikuja,Oulu,90250,66
174,Carmen,Villalobos,female,carmen.villalobos@comcast.net,606 Akkasentie,Oulu,90650,21
175,Russ,Talamantes,male,russtalamantes@gmail.com,752 Luotsiasemantie,Oulu,90230,23
176,Freeman,Sellers,male,freemansellers@gmail.com,93 Syrjäntie,Oulu,90220,28
177,May,Grace,female,maygrace@hotmail.com,413 Töllinkuja,Oulu,90029,37
178,Grady,Tipton,male,grady.tipton@gmail.com,256 Kaarnatie,Oulu,90220,62
179,Charles,Prado,male,prado@hotmail.com,849 Arvopostinkuja,Oulu,90650,3
180,Muriel,Xu,female,muriel@aol.com,256 Ruorikuja,Oulu,90230,41
181,Pam,Yo,male,pam@cox.net,861 Punaherukkakuja,Oulu,90220,11
182,Bernard,Quintanilla,female,b.quintanilla@hotmail.com,367 Maikuntie,Oulu,90220,10
183,Efrain,Bracey,female,efrain.bracey@msn.com,608 Vihirannantie,Oulu,90650,21
184,Desiree,Hamilton,male,desiree@hotmail.com,180 Ohjastie,Oulu,90250,73
185,Grace,Rose,female,g_rose@hotmail.com,713 Simpsonintie,Oulu,90029,40
186,Martina,Quiambao,female,m.quiambao@msn.com,644 Näätämänkuja,Oulu,90230,20
187,Melva,Taveras,female,m_taveras@yahoo.com,122 Lossitie,Oulu,90250,2
188,Jarvis,Tso,male,jarvistso@cox.net,569 Vaneritie,Oulu,90650,63
189,Gregg,Silverman,female,g.silverman@cox.net,923 Kajaaninkatu,Oulu,90650,6
190,Forest,Bernard,male,fbernard@cox.net,202 Mäkituvantie,Oulu,90650,31
191,Stuart,Payne,male,stuart.payne@msn.com,4 Korukuja,Oulu,90650,3
192,Ruben,Jiron,male,r_jiron@aol.com,228 Tykistökatu,Oulu,90650,55
193,Melinda,Young,female,m_young@cox.net,43 Paavonpolku,Oulu,90220,6
194,Gene,Conley,female,gene_conley@comcast.net,15 Pikkulantie,Oulu,90250,18
195,Jeffery,Seymour,male,jeffery@comcast.net,737 Kauppurienkatu,Oulu,90220,0
196,Emily,Stoner,female,emily.stoner@gmail.com,363 Pleissitie,Oulu,90230,52
197,Riley,Meade,male,riley.meade@gmail.com,840 Freesiantie,Oulu,90250,22
198,Arnulfo,Whitfield,male,arnulfo_whitfield@gmail.com,524 Pysäkkipolku,Oulu,90230,16
199,Monty,Rodriguez,male,montyrodriguez@msn.com,387 Pihlajaranta,Oulu,90220,17
200,Errol,Lowe,male,errol@gmail.com,848 Kunnaksentie,Oulu,90220,28
201,Vilma,Nelson,female,v_nelson@gmail.com,950 Kurkelantie,Oulu,90250,87
202,Genaro,Carreras,male,gcarreras@cox.net,803 Kurkelansaarentie,Oulu,90220,35
203,Aisha,Little,female,little@yahoo.com,79 Kiritie,Oulu,90029,31
204,Felipe,Rudd,male,f_rudd@cox.net,500 Mustaherukkakuja,Oulu,90029,50
205,Katie,Llerena,female,k.llerena@cox.net,550 Simpuntie,Oulu,90029,55
206,Preston,Truax,male,p.truax@yahoo.com,972 Propsitie,Oulu,90650,28
207,Burton,Cole,male,b.cole@verizon.net,807 Takilatie,Oulu,90220,3
208,Raul,Daniel,male,raul_daniel@cox.net,84 Jaakolantie,Oulu,90650,50
209,Luis,Noriega,female,l.noriega@msn.com,944 Hirvastie,Oulu,90230,25
210,Damien,Alarcon,male,damien@msn.com,723 Lammashaantie,Oulu,90230,31
211,Colby,Norman,male,c.norman@gmail.com,581 Kallenranta,Oulu,90220,6
212,Lisa,Sims,female,sims@verizon.net,990 Honkakuja,Oulu,90650,10
213,Tasha,Porter,female,t.porter@verizon.net,104 Lippitie,Oulu,90250,13
214,Rigoberto,Shade,female,shade@verizon.net,263 Tuumatie,Oulu,90220,16
215,Gilda,Adams,female,gilda.adams@cox.net,818 Rantavainiontie,Oulu,90220,62
216,Rodrigo,Crutcher,female,rodrigo.crutcher@cox.net,40 Nallikarinranta,Oulu,90220,13
217,Pansy,Foreman,female,p.foreman@aol.com,304 Kautotie,Oulu,90230,46
218,Jeanie,Perkins,female,j_perkins@gmail.com,491 Marjakuja,Oulu,90029,16
219,Ashlee,Purvis,male,ashlee_purvis@msn.com,70 Aseman vanhatie,Oulu,90250,20
220,Therese,Bennett,female,theresebennett@hotmail.com,88 Sorsajahdintie,Oulu,90250,11
221,Miguel,Chiquito,male,miguel.chiquito@yahoo.com,483 Tiltanranta,Oulu,90220,2
222,Lacey,Cooke,female,lacey@verizon.net,696 Kuntolenkki,Oulu,90029,67
223,Oliver,Lindsay,male,olindsay@yahoo.com,358 Hakomäenpolku,Oulu,90230,1
224,Chelsea,Egan,male,chelsea.egan@msn.com,541 Otavankuja,Oulu,90220,62
225,Alvaro,Towns,male,towns@cox.net,140 Uhanperäntie,Oulu,90220,22
226,Luther,Villalpando,female,l.villalpando@comcast.net,39 Matinpolku,Oulu,90029,8
227,Carmen,Day,female,carmen_day@aol.com,390 Pihkakuja,Oulu,90650,56
228,Dusty,Fay,male,d_fay@msn.com,529 Aittapolku,Oulu,90250,5
229,Rick,Leyba,male,r.leyba@aol.com,427 Onkitie,Oulu,90230,6
230,Wendell,Arellano,female,arellano@verizon.net,488 Poutatie,Oulu,90650,71
231,Debbie,Whitney,female,d_whitney@msn.com,203 Messipojantie,Oulu,90220,26
232,Frank,Britton,male,frank_britton@cox.net,999 Kotikankaantie,Oulu,90029,45
233,Elaine,Ku,female,e.ku@gmail.com,919 Museokuja,Oulu,90650,73
234,Fannie,Suazo,female,f.suazo@cox.net,762 Välikyläntie,Oulu,90650,7
235,Gladys,Mcfarland,female,gmcfarland@verizon.net,643 Raamattuopistontie,Oulu,90230,45
236,Terence,Lall,male,terence@yahoo.com,741 Riekonmarjantie,Oulu,90250,28
237,Claudine,Candelario,female,c_candelario@verizon.net,494 Hietakuja,Oulu,90220,16
238,Lelia,Forrest,female,forrest@aol.com,775 Kourankuja,Oulu,90220,47
239,Annette,Harden,female,a.harden@gmail.com,488 Sykelenkki,Oulu,90650,25
240,Darrel,Kelly,male,d.kelly@aol.com,633 Tomaattikuja,Oulu,90250,76
241,Dionne,Shannon,female,dionne_shannon@comcast.net,997 Lettorikkotie,Oulu,90650,35
242,Francesca,Villanueva,female,francesca.villanueva@msn.com,803 Kaskitie,Oulu,90029,1
243,Thurman,Driscoll,male,t.driscoll@cox.net,589 Ojansuuntie,Oulu,90029,40
244,Barry,Gilbert,female,barrygilbert@yahoo.com,156 Pöllönkuja,Oulu,90029,12
245,Garry,Pride,male,garry_pride@comcast.net,949 Kuivastie,Oulu,90650,6
246,Kathleen,Raymond,female,k.raymond@gmail.com,151 Männikönraitti,Oulu,90250,47
247,Toby,Deshmukh,male,t_deshmukh@comcast.net,513 Keiskanrinne,Oulu,90250,8
248,Vito,Bowen,male,vitobowen@yahoo.com,358 Kalakuja,Oulu,90230,11
249,Billie,Buckley,female,b_buckley@comcast.net,843 Venekuja,Oulu,90029,8
250,Lauri,Speller,female,lauri_speller@msn.com,434 Jääkellarintie,Oulu,90250,50
251,Alisha,Epps,female,epps@yahoo.com,877 Pajusalmentie,Oulu,90029,42
252,Domingo,Cowan,male,d.cowan@yahoo.com,578 Kotikankaantie,Oulu,90029,7
253,Raymond,Zou,female,rzou@cox.net,9 Eeralantie,Oulu,90230,7
254,Carlo,Gill,female,carlogill@aol.com,979 Luuvartinpuoli,Oulu,90250,23
255,Fabian,Holden,male,fabian@aol.com,562 Kvartsitie,Oulu,90230,18
256,Pedro,Mendez,male,pedro_mendez@gmail.com,643 Saunamajurintie,Oulu,90220,87
257,Lindsey,Patterson,male,patterson@verizon.net,67 Lämsäntie,Oulu,90650,13
258,Bridget,Tamayo,female,btamayo@hotmail.com,529 Kellonpellontie,Oulu,90220,13
259,Teri,Crawford,female,crawford@aol.com,856 Käpykuusentie,Oulu,90029,48
260,Numbers,Billings,male,n_billings@comcast.net,261 Tapiontie,Oulu,90230,6
261,Maryanne,Jimenez,female,maryanne@hotmail.com,943 Torikatu,Oulu,90230,1
262,Edwina,Lunsford,female,edwina_lunsford@yahoo.com,425 Karpalotie,Oulu,90250,46
263,Rogelio,Kane,male,kane@aol.com,768 Kiiminginpolku,Oulu,90650,72
264,Tommy,Kitchen,female,t.kitchen@verizon.net,302 Arolantie,Oulu,90220,23
265,Gregory,Curtis,male,gcurtis@msn.com,320 Ravanderintie,Oulu,90230,17
266,Ned,Holman,male,ned_holman@gmail.com,430 Arpankuja,Oulu,90220,1
267,Ryan,Youngblood,male,ryan.youngblood@aol.com,139 Harakkamäentie,Oulu,90250,6
268,Clint,Stiles,male,clint@hotmail.com,967 Ohjaskuja,Oulu,90220,78
269,Salvatore,Hanson,male,salvatorehanson@gmail.com,698 Kasöörintie,Oulu,90230,25
270,Sheryl,Crutchfield,female,s.crutchfield@comcast.net,932 Rikikuja,Oulu,90650,26
271,Theresa,Montoya,female,tmontoya@yahoo.com,226 Pylvästie,Oulu,90220,40
272,Donnell,Sousa,female,d.sousa@verizon.net,75 Kalimenojankuja,Oulu,90250,15
273,Georgette,Stallworth,female,georgette.stallworth@yahoo.com,83 Kahvankarintie,Oulu,90250,6
274,Weston,Mccoy,male,weston.mccoy@hotmail.com,122 Koulukatu,Oulu,90029,28
275,Darla,Barrett,female,darla.barrett@hotmail.com,602 Erkki Koiso-Kanttilan katu,Oulu,90029,3
276,Polly,Peters,female,ppeters@hotmail.com,140 Kirkonniementie,Oulu,90029,43
277,Dirk,Madera,male,d_madera@msn.com,169 Haapatie,Oulu,90650,15
278,Hilary,Gavin,female,hilary_gavin@msn.com,211 Loimukoivuntie,Oulu,90230,0
279,Kathie,Herndon,male,kathie@gmail.com,391 Vanakuja,Oulu,90220,12
280,Wilbur,Tubbs,male,wilbur_tubbs@verizon.net,359 Alahutuntie,Oulu,90650,2
281,Michael,Pastrana,female,m_pastrana@yahoo.com,292 Luukelantie,Oulu,90650,27
282,Sherman,Wallace,female,s.wallace@hotmail.com,203 Leipomontie,Oulu,90029,51
283,Olivia,Escobar,female,oliviaescobar@yahoo.com,293 Vainiontie,Oulu,90029,55
284,Adrian,Mcgee,male,a_mcgee@gmail.com,943 Hyppytie,Oulu,90250,30
285,Weldon,Boyd,male,wboyd@verizon.net,647 Mäkelininkatu,Oulu,90220,10
286,Herman,Salinas,male,h_salinas@comcast.net,96 Tuomolantie,Oulu,90220,51
287,Johnnie,Felan,male,felan@comcast.net,191 Heikkisentie,Oulu,90230,27
288,Everett,Stauffer,female,stauffer@aol.com,333 Kuusikonlenkki,Oulu,90029,22
289,Jaime,Domingo,male,j_domingo@yahoo.com,549 Ruiskukankuja,Vantaa,01200,21
290,Chadwick,Sears,male,chadwick@verizon.net,82 Kehäkukantie,Vantaa,01260,1
291,Myrna,Panganiban,female,mpanganiban@verizon.net,782 Kontiotie,Vantaa,01200,42
292,Phillip,Colunga,male,colunga@verizon.net,759 Ilmarintie,Vantaa,01230,23
293,Benny,Landa,male,bennylanda@hotmail.com,543 Rakuunatie,Vantaa,00760,2
294,Elba,Flowers,female,eflowers@aol.com,46 Laulurastaantie,Vantaa,01200,25
295,Vera,Hurd,female,v_hurd@hotmail.com,640 Rantakukantie,Vantaa,01230,18
296,Sherri,Guardado,male,s_guardado@msn.com,140 Lahnakuja,Vantaa,01380,41
297,Oscar,Brower,male,brower@yahoo.com,940 Rakuunatie,Vantaa,00760,31
298,Scottie,Carrion,male,scarrion@gmail.com,869 Vihertie,Vantaa,01230,75
299,Rudy,Kuo,male,r.kuo@verizon.net,677 Metsomäentie,Vantaa,00760,30
300,Elma,Cerna,female,elma_cerna@aol.com,892 Heklankuja,Vantaa,01380,41
301,Lance,Wilks,male,lance_wilks@hotmail.com,204 Hämeenkyläntie,Vantaa,01260,58
302,Lavern,Pigeon,male,lavern_pigeon@aol.com,344 Impivaarantie,Vantaa,01380,46
303,Homer,Denson,male,homer@aol.com,98 Näkinkuja,Vantaa,01200,52
304,Beatrice,Pierce,female,bpierce@msn.com,580 Sinirikonkuja,Vantaa,01260,12
305,Louella,Simpson,male,lsimpson@yahoo.com,719 Korpirinne,Vantaa,01260,17
306,Weston,Chatman,male,weston_chatman@verizon.net,794 Jäkkitie,Vantaa,01260,65
307,Leopoldo,Pierce,male,l.pierce@comcast.net,318 Hukantie,Vantaa,01260,37
308,Francis,Dudley,female,dudley@cox.net,947 Viinikkalantie,Vantaa,00760,6
309,Patrick,Aguon,male,aguon@verizon.net,80 Kuutinpiha,Vantaa,00760,17
310,Jermaine,Porter,female,jporter@cox.net,465 Ilosjoentie,Vantaa,01230,67
311,Norris,Mckinney,male,n_mckinney@cox.net,16 Raitakuja,Vantaa,01230,15
312,Joni,Gibbons,male,jonigibbons@hotmail.com,427 Kuusitie,Vantaa,00760,5
313,Carson,Pierce,female,cpierce@msn.com,813 Talvikkirinne,Vantaa,00760,95
314,Reba,Salazar,female,rsalazar@aol.com,617 Aatelikuja,Vantaa,01230,16
315,Lottie,Rosas,female,lottie_rosas@hotmail.com,727 Hirvipolku,Vantaa,00760,46
316,Camille,Sullivan,female,camillesullivan@msn.com,829 Heinäsirkantie,Vantaa,01200,10
317,Andrea,Cox,male,andreacox@comcast.net,252 Pyökkikuja,Vantaa,01380,28
318,Ezra,Bigman,female,e_bigman@aol.com,229 Saagatie,Vantaa,01380,58
319,Cole,Amezquita,male,camezquita@hotmail.com,113 Jönsaksenkuja,Vantaa,01200,43
320,Rodolfo,Cheng,female,cheng@msn.com,254 Mailatie,Vantaa,00760,81
321,Antony,Navas,male,navas@comcast.net,44 Veerantie,Vantaa,01230,20
322,Dallas,Anderson,female,anderson@msn.com,748 Asolantie,Vantaa,01380,7
323,Goldie,Rueda,female,goldie_rueda@aol.com,908 Ajomiehentie,Vantaa,01260,75
324,Elvis,Recio,male,e_recio@yahoo.com,517 Leinikkitie,Vantaa,00760,30
325,Bessie,Chandler,male,b_chandler@aol.com,865 Kairakuja,Vantaa,01380,8
326,Ronny,Keen,male,r.keen@yahoo.com,106 Sakarintie,Vantaa,01380,42
327,Carole,Romano,female,romano@gmail.com,516 Varistontie,Vantaa,01380,23
328,Tony,Trujillo,male,t_trujillo@aol.com,460 Merineulantie,Vantaa,01230,43
329,Essie,Alley,female,essie.alley@yahoo.com,405 Kaivosvoudintie,Vantaa,01380,67
330,Terry,Alford,female,terryalford@gmail.com,968 Köyhämäenkuja,Vantaa,01230,30
331,Althea,Ramos,female,althea@hotmail.com,151 Peippokuja,Vantaa,01260,3
332,Shawn,Simmons,male,shawn.simmons@hotmail.com,619 Tervahaudantie,Vantaa,01230,20
333,Leanna,Bates,female,bates@verizon.net,724 Lähdepuistontie,Vantaa,00760,37
334,Kirby,Sizemore,male,kirby@gmail.com,161 Päivinpolku,Vantaa,01260,41
335,Randall,Iniguez,male,randalliniguez@comcast.net,276 Ottelukuja,Vantaa,01200,47
336,Sidney,Holder,male,s.holder@gmail.com,969 Uurrekuja,Vantaa,01200,31
337,Octavio,Chapman,male,octavio.chapman@aol.com,693 Orakaskuja,Vantaa,01260,26
338,Amber,Moore,female,moore@yahoo.com,128 Vapaalankuja,Vantaa,01230,21
339,Gavin,Huie,male,g.huie@aol.com,86 Vantaanlaaksonraitti,Vantaa,01200,43
340,Marilyn,Wing,male,wing@hotmail.com,403 Tuulitie,Vantaa,01200,55
341,Cornelia,Mallory,male,cornelia.mallory@verizon.net,525 Teräkuja,Vantaa,01230,18
342,Mohammad,Krishna,male,mohammadkrishna@hotmail.com,733 Pakkalankuja,Vantaa,01260,0
343,Marcy,Cross,female,mcross@comcast.net,845 Surviaisenkuja,Vantaa,01230,35
344,Brad,Proctor,female,bproctor@aol.com,993 Varsatie,Vantaa,01200,57
345,Ted,Waller,male,tedwaller@verizon.net,926 Iltatähdentie,Vantaa,01200,57
346,Avery,Bashir,male,abashir@cox.net,243 Runotie,Vantaa,01200,18
347,Stefan,Bentley,female,stefan.bentley@yahoo.com,446 Riimukuja,Vantaa,01230,47
348,Beatriz,Mohamed,female,beatriz@hotmail.com,267 Kukankuja,Vantaa,01260,32
349,Elmo,Madden,male,elmo.madden@yahoo.com,392 Katrintie,Vantaa,01260,6
350,Devin,Cureton,male,d.cureton@yahoo.com,211 Kortepolku,Vantaa,01380,16
351,Theodore,Hou,female,theodore.hou@verizon.net,700 Heinäsirkantie,Vantaa,01200,0
352,Brooks,Gibbs,male,b.gibbs@hotmail.com,835 Mattaksenpolku,Vantaa,00760,20
353,Nigel,Som,male,n.som@comcast.net,797 Simonpolku,Vantaa,01260,0
354,Mona,Tandon,female,monatandon@aol.com,202 Hosantie,Vantaa,01380,31
355,Allen,Mir,male,allen.mir@msn.com,625 Louhikkokuja,Vantaa,00760,26
356,Lucio,Deguzman,male,lucio@verizon.net,242 Kaunokkitie,Vantaa,01380,8
357,Lemuel,Zertuche,male,lemuelzertuche@hotmail.com,746 Rajapolku,Vantaa,01260,58
358,Rachel,Neumann,female,rachel_neumann@cox.net,526 Santamäentie,Vantaa,01260,25
359,Clyde,Ni,male,c_ni@hotmail.com,148 Maauunintie,Vantaa,01260,7
360,Albert,Darnell,male,albert@yahoo.com,338 Viholaisentie,Vantaa,01200,2
361,Thaddeus,Bracamonte,male,t_bracamonte@hotmail.com,72 Naalipuistontie,Vantaa,01260,16
362,James,Brock,male,jamesbrock@msn.com,935 Rekipolku,Vantaa,01260,35
363,Jacquelyn,Yoshida,female,jacquelyn.yoshida@msn.com,467 Uurrekuja,Vantaa,01200,33
364,Al,Michaud,male,a_michaud@comcast.net,667 Moreenikuja,Vantaa,01230,27
365,Virginia,Wade,female,v.wade@msn.com,421 Kirvisenkuja,Vantaa,01200,15
366,Melody,Matsumoto,female,mmatsumoto@yahoo.com,253 Lehväkuja,Vantaa,01260,5
367,Ignacio,Leggett,male,ignacio.leggett@hotmail.com,196 Ritaririnne,Vantaa,01260,47
368,Deandre,Conner,male,d_conner@msn.com,793 Viiriäisenkuja,Vantaa,01230,43
369,Rob,Osuna,male,r.osuna@yahoo.com,269 Kivistöntie,Vantaa,01380,42
370,Evangelina,Neely,female,eneely@cox.net,728 Pähkinätie,Vantaa,01260,35
371,Kendall,Thornton,male,kendall@gmail.com,997 Vanha kylätie,Vantaa,01200,30
372,Patrice,Mohiuddin,male,p.mohiuddin@cox.net,89 Raudikkokuja,Vantaa,00760,18
373,Jonathon,Cota,male,jonathoncota@gmail.com,790 Satutie,Vantaa,01200,38
374,Salvador,Medel,male,salvador@yahoo.com,997 Rauskukuja,Vantaa,00760,31
375,Lon,Rentas,female,l_rentas@hotmail.com,500 Ismonkuja,Vantaa,01260,23
376,Shelton,Davis,male,sheltondavis@gmail.com,30 Louhikkotie,Vantaa,01230,47
377,Dorian,Dominguez,male,dorian.dominguez@yahoo.com,754 Lehtitie,Vantaa,01230,42
378,Mari,Dykes,male,mari@aol.com,360 Tapparakuja,Vantaa,01380,65
379,Kayla,Baird,female,baird@aol.com,433 Kiiskikuja,Vantaa,00760,45
380,Angeline,Brown,female,angelinebrown@hotmail.com,558 Lehdespolku,Vantaa,01260,6
381,Hollis,Simmons,female,simmons@aol.com,311 Ahdinkuja,Vantaa,01260,13
382,Morris,Fuentes,male,morrisfuentes@comcast.net,321 Kuhakuja,Vantaa,01200,52
383,Cora,Rock,female,corarock@cox.net,395 Tammistonkuja,Vantaa,01230,16
384,Estella,Burton,female,estella.burton@comcast.net,39 Vuoritie,Vantaa,00760,61
385,Kate,Gilmore,female,kate.gilmore@gmail.com,833 Linnaistentie,Vantaa,01380,12
386,Rosella,Hawkins,female,r_hawkins@comcast.net,943 Sinirikontie,Vantaa,01380,8
387,Paige,Rankins,male,paigerankins@gmail.com,634 Vintturikuja,Vantaa,01260,30
388,Ty,Nicholson,male,ty@comcast.net,653 Kuuratie,Vantaa,01380,60
389,Phoebe,Vences,male,pvences@msn.com,540 Ojatie,Vantaa,00760,15
390,Christian,Gonzalez,male,christian.gonzalez@verizon.net,447 Seiväspolku,Vantaa,01200,35
391,Bryon,Robison,male,b_robison@cox.net,933 Lahnapolku,Vantaa,01380,10
392,Craig,Dobbs,male,craig_dobbs@msn.com,561 Hukanpolku,Vantaa,01260,23
393,Kendrick,Harrison,male,kendrick_harrison@yahoo.com,323 Karhunkierros,Vantaa,01380,45
394,Burt,Carey,male,b.carey@comcast.net,505 Aapraminkaari,Vantaa,00760,7
395,Ashley,Campos,female,campos@comcast.net,654 Ruuvikuja,Vantaa,01200,36
396,Ian,Colon,male,icolon@msn.com,699 Satakielentie,Vantaa,00760,5
397,Louis,Blake,male,louis_blake@hotmail.com,830 Ahmakuja,Vantaa,00760,7
398,Laverne,Spencer,male,laverne@yahoo.com,975 Hirvipolku,Vantaa,00760,80
399,Virgie,Borrero,female,v.borrero@gmail.com,466 Herttuantie,Vantaa,01380,27
400,Elva,Picotte,female,elva.picotte@hotmail.com,382 Liljakuja,Vantaa,00760,10
401,Anderson,Deleon,male,andersondeleon@gmail.com,188 Nuottakuja,Vantaa,01200,55
402,Romeo,Shaffer,male,r.shaffer@yahoo.com,20 Pohjois-Viinikkalan tie,Vantaa,00760,22
403,Russell,Yen,male,russell@comcast.net,771 Kärppätie,Vantaa,01200,23
404,Jeannette,Gardner,male,j.gardner@verizon.net,209 Mäkitie,Vantaa,01200,40
405,Johnie,Sifuentes,male,johnie_sifuentes@cox.net,953 Korpikontiontie,Vantaa,01200,66
406,Dudley,Brannon,male,dudley.brannon@verizon.net,304 Koivupääntie,Vantaa,01230,27
407,Leslie,Parks,male,leslie_parks@hotmail.com,894 Ahventie,Vantaa,01380,21
408,Tanya,Viramontes,female,t_viramontes@gmail.com,440 Hiidenkivenkuja,Vantaa,01380,53
409,Mai,Hooper,male,mhooper@comcast.net,456 Vaskipellontie,Vantaa,01260,46
410,Giovanni,Duran,male,gduran@hotmail.com,366 Purokuja,Vantaa,01230,22
411,Brain,Roberts,female,roberts@comcast.net,678 Kimalaisenpolku,Vantaa,01260,8
412,Edmund,Cook,male,cook@yahoo.com,323 Visapolku,Vantaa,01260,21
413,Walter,Pritchett,male,walter.pritchett@hotmail.com,744 Tanssijantie,Vantaa,01380,0
414,Winston,Degroat,male,wdegroat@comcast.net,375 Nykullantie,Vantaa,01230,38
415,Mae,Mariscal,female,mariscal@aol.com,370 Kahdeksastie,Vantaa,01200,28
416,Juliet,Stclair,female,julietstclair@msn.com,165 Kotikuusenkuja,Vantaa,01260,12
417,Van,Dumas,male,van@cox.net,365 Tarjantie,Vantaa,01230,28
418,Alfred,Bala,male,alfred_bala@comcast.net,902 Säilätie,Vantaa,01230,10
419,Jerrod,Larkin,male,jerrodlarkin@cox.net,885 Uurrekuja,Vantaa,01200,43
420,Roger,Sanchez,female,roger@verizon.net,633 Jaspiskuja,Vantaa,01260,38
421,Numbers,Kemp,male,numbers.kemp@yahoo.com,996 Vehkakuja,Tampere,33580,52
422,Joanna,Heo,male,joanna_heo@msn.com,767 Korvenkatu,Tampere,33300,51
423,Jules,Hodge,male,juleshodge@hotmail.com,103 Korvenkatu,Tampere,33300,26
424,Gus,Clemons,male,gusclemons@hotmail.com,807 Vehkakuja,Tampere,33580,32
425,Art,Brockington,male,abrockington@cox.net,357 Korvenkatu,Tampere,33300,26
426,Delores,Ing,female,delores.ing@cox.net,332 Vehkakatu,Tampere,33580,38
427,Glenna,Mistry,female,glenna.mistry@gmail.com,338 Vehkakatu,Tampere,33580,53
428,Hester,Alejo,female,hester.alejo@comcast.net,636 Korvenkatu,Tampere,33300,36
429,Kyle,Silvas,female,k_silvas@aol.com,373 Korvenkatu,Tampere,33300,32
430,Don,Agudelo,male,don@comcast.net,939 Korvenkatu,Tampere,33300,45
431,German,Rolle,male,rolle@gmail.com,993 Korvenkatu,Tampere,33300,38
432,Donovan,Barnes,male,donovanbarnes@gmail.com,16 Korvenkatu,Tampere,33300,45
433,Frances,Holloway,female,f.holloway@aol.com,918 Korvenkatu,Tampere,33300,0
434,Hal,Nam,male,hal@aol.com,172 Korvenkatu,Tampere,33300,6
435,Cary,Mancilla,male,mancilla@cox.net,457 Korvenkatu,Tampere,33300,10
436,Stacey,Donis,male,s_donis@msn.com,884 Vehkakatu,Tampere,33580,6
437,Emmett,Boucher,female,emmettboucher@gmail.com,524 Viivinkatu,Tampere,33610,17
438,Kevin,Nazario,male,kevin@yahoo.com,186 Korvenkatu,Tampere,33300,38
439,Jesus,Schultz,male,jesus@verizon.net,991 Korvenkatu,Tampere,33300,22
440,Marcelino,Yoon,male,m_yoon@aol.com,520 Vehkakatu,Tampere,33580,66
441,Fern,Monroe,female,fern@gmail.com,603 Korvenkatu,Tampere,33300,41
442,Lorna,Gage,female,l.gage@cox.net,940 Korvenkatu,Tampere,33300,33
443,Efren,Weaver,female,efren@verizon.net,677 Korvenkatu,Tampere,33300,55
444,Maynard,Cabello,female,mcabello@aol.com,903 Korvenkatu,Tampere,33300,56
445,Timothy,Farrell,male,tfarrell@hotmail.com,330 Korvenkatu,Tampere,33300,28
446,Jan,Mcdaniel,female,mcdaniel@msn.com,706 Viivinkatu,Tampere,33610,17
447,Thomas,Fields,male,t.fields@verizon.net,988 Korvenkatu,Tampere,33300,82
448,Kelly,Wu,male,kellywu@verizon.net,697 Korvenkatu,Tampere,33300,17
449,Jocelyn,Ramos,female,j_ramos@hotmail.com,157 Korvenkatu,Tampere,33300,70
450,Deidre,Thompson,female,d_thompson@gmail.com,195 Korvenkatu,Tampere,33300,50
451,Cruz,Osceola,male,c_osceola@msn.com,835 Korvenkatu,Tampere,33300,51
452,Sebastian,Dyson,male,sdyson@gmail.com,968 Korvenkatu,Tampere,33300,41
453,Valentin,Greene,male,v_greene@cox.net,593 Korvenkatu,Tampere,33300,7
454,Earline,Coates,female,earline_coates@comcast.net,662 Korvenkatu,Tampere,33300,23
455,Junior,George,female,j.george@msn.com,546 Korvenkatu,Tampere,33300,33
456,Harriett,Ceron,male,harriett.ceron@msn.com,717 Viivinkatu,Tampere,33610,12
457,Martha,Newton,female,martha@aol.com,319 Vehkakatu,Tampere,33580,27
458,Nicolas,Rosado,male,nicolas@aol.com,479 Korvenkatu,Tampere,33300,22
459,Saul,Trevino,male,saul@hotmail.com,15 Korvenkatu,Tampere,33300,1
460,Carly,Farrow,female,carly.farrow@hotmail.com,962 Korvenkatu,Tampere,33300,53
461,Imogene,Apodaca,female,imogene_apodaca@yahoo.com,830 Korvenkatu,Tampere,33300,47
462,Abe,Koh,male,abe@comcast.net,80 Viivinkatu,Tampere,33610,7
463,Simon,Valles,male,simon@comcast.net,759 Vehkakuja,Tampere,33580,46
464,Cody,Garrison,male,cody_garrison@yahoo.com,555 Korvenkatu,Tampere,33300,37
465,Emerson,Engle,male,emerson@comcast.net,57 Korvenkatu,Tampere,33300,63
466,Rodrick,Abraham,male,rodrick@msn.com,679 Korvenkatu,Tampere,33300,23
467,Santiago,Mangum,female,santiago.mangum@verizon.net,253 Korvenkatu,Tampere,33300,27
468,Trenton,Gladney,male,gladney@cox.net,275 Korvenkatu,Tampere,33300,30
469,Kurt,Dennison,male,kurt@aol.com,112 Korvenkatu,Tampere,33300,30
470,Marcel,Tsui,male,mtsui@aol.com,367 Korvenkatu,Tampere,33300,42
471,Jeremy,Fox,female,jeremy@aol.com,500 Korvenkatu,Tampere,33300,5
472,Cheryl,Leos,female,c_leos@hotmail.com,72 Viivinkatu,Tampere,33610,17
473,Eleanor,Kha,female,ekha@hotmail.com,895 Vehkakatu,Tampere,33580,10
474,Caitlin,Lacy,male,clacy@aol.com,892 Viivinkatu,Tampere,33610,72
475,Elvira,Thames,female,ethames@cox.net,808 Korvenkatu,Tampere,33300,46
476,Teddy,Thompson,male,teddy@aol.com,932 Korvenkatu,Tampere,33300,15
477,Merrill,Anand,male,merrill.anand@gmail.com,699 Korvenkatu,Tampere,33300,1
478,Ulysses,Calhoun,male,ucalhoun@gmail.com,905 Viivinkatu,Tampere,33610,15
479,Coy,Veloz,female,coy.veloz@verizon.net,464 Korvenkatu,Tampere,33300,23
480,Lucio,Hosteen,male,lucio.hosteen@msn.com,436 Vehkakuja,Tampere,33580,13
481,Cleveland,Gage,male,gage@aol.com,856 Korvenkatu,Tampere,33300,38
482,Cliff,Keams,male,cliff@hotmail.com,609 Vehkakuja,Tampere,33580,51
483,Monty,Stinson,male,m_stinson@gmail.com,457 Vehkakatu,Tampere,33580,43
484,Wilfredo,Everett,male,w_everett@aol.com,812 Korvenkatu,Tampere,33300,36
485,Avis,Brinson,female,avis.brinson@comcast.net,638 Korvenkatu,Tampere,33300,50
486,Alonzo,Perry,male,perry@cox.net,748 Korvenkatu,Tampere,33300,62
487,Errol,Talavera,male,errol@hotmail.com,550 Korvenkatu,Tampere,33300,63
488,Rachelle,Toscano,female,rtoscano@aol.com,129 Korvenkatu,Tampere,33300,60
489,Antoine,Goh,male,a.goh@aol.com,980 Viivinkatu,Tampere,33610,57
490,Lizzie,Bowman,female,l.bowman@gmail.com,177 Vehkakuja,Tampere,33580,52
491,Jeremiah,Grajeda,male,jeremiah_grajeda@comcast.net,153 Vehkakuja,Tampere,33580,65
492,Armand,Capers,female,acapers@comcast.net,712 Korvenkatu,Tampere,33300,15
493,Jarrett,Rowland,male,jarrett.rowland@gmail.com,542 Vehkakatu,Tampere,33580,30
494,Larry,Springer,male,larry_springer@gmail.com,458 Vehkakuja,Tampere,33580,48
495,Levi,Saeteurn,male,lsaeteurn@msn.com,961 Korvenkatu,Tampere,33300,52
496,Joey,Rosser,female,joey_rosser@comcast.net,238 Korvenkatu,Tampere,33300,32
497,Bernie,Trammell,female,bernie@cox.net,494 Vehkakatu,Tampere,33580,25
498,Elwood,Steinberg,male,e.steinberg@comcast.net,455 Korvenkatu,Tampere,33300,61
499,Parker,Quinones,male,parkerquinones@comcast.net,649 Korvenkatu,Tampere,33300,45
500,Diane,Kitagawa,female,diane@aol.com,511 Vehkakatu,Tampere,33580,0
501,Carlos,Steve,male,carlossteve@cox.net,341 Viivinkatu,Tampere,33610,2
502,Ginger,Bates,male,gbates@yahoo.com,626 Korvenkatu,Tampere,33300,37
503,Julia,Narayanan,female,j.narayanan@gmail.com,324 Viivinkatu,Tampere,33610,1
504,Odell,Moran,male,odell@yahoo.com,794 Korvenkatu,Tampere,33300,1
505,Willie,Kelsey,male,willie.kelsey@msn.com,504 Korvenkatu,Tampere,33300,35
506,Casey,Kam,female,caseykam@msn.com,47 Korvenkatu,Tampere,33300,47
507,Jo,Dickens,female,jo_dickens@gmail.com,776 Korvenkatu,Tampere,33300,21
508,Bethany,Camilo,male,b_camilo@cox.net,128 Viivinkatu,Tampere,33610,7
509,Reggie,Dalton,male,dalton@yahoo.com,770 Korvenkatu,Tampere,33300,68
510,Sanford,Cournoyer,female,s.cournoyer@aol.com,16 Korvenkatu,Tampere,33300,1
511,Houston,Jee,male,hjee@cox.net,126 Korvenkatu,Tampere,33300,76
512,Gay,Montoya,female,gaymontoya@msn.com,890 Korvenkatu,Tampere,33300,30
513,Wilmer,Judd,female,judd@comcast.net,735 Korvenkatu,Tampere,33300,22
514,Dorian,Conrad,male,dorian@cox.net,622 Korvenkatu,Tampere,33300,55
515,Ronda,Epperson,female,ronda_epperson@verizon.net,27 Korvenkatu,Tampere,33300,11
516,Jessie,Bledsoe,male,j.bledsoe@verizon.net,566 Korvenkatu,Tampere,33300,3
517,Rosie,Ballard,female,rosie_ballard@hotmail.com,759 Korvenkatu,Tampere,33300,66
518,Aimee,Archie,female,aimee.archie@aol.com,622 Korvenkatu,Tampere,33300,1
519,Stewart,Rice,female,stewart.rice@verizon.net,848 Korvenkatu,Tampere,33300,21
520,Danial,Slater,female,danialslater@yahoo.com,783 Korvenkatu,Tampere,33300,56
521,Fletcher,Bracero,male,fletcher_bracero@verizon.net,611 Vehkakuja,Tampere,33580,18
522,Nancy,Galloway,female,galloway@gmail.com,652 Vehkakuja,Tampere,33580,58
523,Josh,Mckoy,male,josh@aol.com,608 Vehkakatu,Tampere,33580,18
524,Jess,Mcdonald,female,jess_mcdonald@comcast.net,204 Korvenkatu,Tampere,33300,61
525,Suzanne,Iron,male,suzanneiron@verizon.net,318 Korvenkatu,Tampere,33300,13
526,Leta,Fitzgerald,female,leta.fitzgerald@cox.net,735 Korvenkatu,Tampere,33300,52
527,Mia,Seth,female,mia@cox.net,948 Korvenkatu,Tampere,33300,65
528,Natalie,Cole,female,cole@cox.net,462 Korvenkatu,Tampere,33300,23
529,Andrew,Urban,male,urban@gmail.com,496 Korvenkatu,Tampere,33300,20
530,Rusty,Grimm,male,rusty@hotmail.com,407 Vehkakuja,Tampere,33580,27
531,Terrance,Thayer,male,terrancethayer@hotmail.com,7 Korvenkatu,Tampere,33300,60
532,Leah,Gilliam,male,leah.gilliam@gmail.com,947 Viivinkatu,Tampere,33610,15
533,Herbert,Teng,male,h_teng@verizon.net,118 Korvenkatu,Tampere,33300,82
534,Yesenia,Allen,female,yesenia@msn.com,449 Viivinkatu,Tampere,33610,53
535,Sophia,Waldron,female,sophia.waldron@yahoo.com,97 Korvenkatu,Tampere,33300,26
536,Clifton,Pan,male,clifton.pan@verizon.net,718 Vehkakatu,Tampere,33580,47
537,Darrin,Delgarito,male,darrin_delgarito@comcast.net,973 Korvenkatu,Tampere,33300,20
538,Gerald,Greenwood,male,geraldgreenwood@verizon.net,544 Korvenkatu,Tampere,33300,46
539,Hillary,Sowell,female,h_sowell@comcast.net,899 Viivinkatu,Tampere,33610,66
540,Tomas,Landrum,male,tomas.landrum@gmail.com,833 Viivinkatu,Tampere,33610,27
541,Trudy,Huggins,male,t_huggins@aol.com,668 Viivinkatu,Tampere,33610,38
542,Lilia,Parrish,female,l_parrish@aol.com,590 Korvenkatu,Tampere,33300,0
543,Margret,Painter,female,margret.painter@comcast.net,972 Viivinkatu,Tampere,33610,32
544,Delmar,Saddler,male,delmarsaddler@gmail.com,700 Korvenkatu,Tampere,33300,2
545,Tessa,Shepard,female,tessashepard@aol.com,422 Korvenkatu,Tampere,33300,57
546,Quentin,Ambrose,male,q.ambrose@yahoo.com,710 Korvenkatu,Tampere,33300,5
547,Major,Avant,male,majoravant@msn.com,364 Korvenkatu,Tampere,33300,30
548,Shane,Hickey,male,s_hickey@gmail.com,232 Viivinkatu,Tampere,33610,60
549,Luella,Childs,female,luella@aol.com,53 Korvenkatu,Tampere,33300,45
550,Hugh,Americanhorse,male,hugh.americanhorse@cox.net,600 Korvenkatu,Tampere,33300,33
551,Courtney,Kirkland,female,courtney.kirkland@yahoo.com,882 Vehkakuja,Tampere,33580,76
552,Stevie,Shishido,female,stevie@verizon.net,487 Korvenkatu,Tampere,33300,7
553,Janell,Russell,female,janellrussell@cox.net,590 Vehkakatu,Tampere,33580,32
554,Kris,Ceballos,female,k.ceballos@yahoo.com,557 Korvenkatu,Tampere,33300,2
555,Vicente,Leclaire,male,vicenteleclaire@aol.com,554 Korvenkatu,Tampere,33300,18
556,Cathryn,Dupree,male,c_dupree@verizon.net,633 Vehkakatu,Tampere,33580,35
557,James,Richmond,female,james_richmond@hotmail.com,939 Korvenkatu,Tampere,33300,6
558,Alicia,Hayashi,female,a_hayashi@gmail.com,427 Korvenkatu,Tampere,33300,35
559,Linda,Shay,female,shay@yahoo.com,368 Huutlahdentie,Lappeenranta,54460,5
560,Kristine,Mackey,female,kristine_mackey@cox.net,89 Huutlahdentie,Lappeenranta,54460,3
561,Norbert,Francis,male,norbert.francis@gmail.com,898 Huutlahdentie,Lappeenranta,54460,51
562,Theron,Solorio,male,theronsolorio@comcast.net,331 Huutlahdentie,Lappeenranta,54460,52
563,Marcos,Lowe,male,marcoslowe@yahoo.com,372 Huutlahdentie,Lappeenranta,54460,21
564,Jerald,Snyder,male,j.snyder@aol.com,72 Huutlahdentie,Lappeenranta,54460,43
565,Joe,Foster,female,joe.foster@comcast.net,699 Huutlahdentie,Lappeenranta,54460,53
566,Margarito,Cruz,female,margarito_cruz@gmail.com,628 Huutlahdentie,Lappeenranta,54460,46
567,Wilburn,Valderrama,male,wilburnvalderrama@gmail.com,963 Huutlahdentie,Lappeenranta,54460,17
568,Alexander,Dong,male,a.dong@comcast.net,944 Huutlahdentie,Lappeenranta,54460,7
569,Bridgett,Bradley,female,bbradley@yahoo.com,375 Huutlahdentie,Lappeenranta,54460,62
570,Bradley,Pulley,male,pulley@comcast.net,66 Huutlahdentie,Lappeenranta,54460,11
571,Kerri,Benjamin,male,kerribenjamin@gmail.com,201 Huutlahdentie,Lappeenranta,54460,47
572,Ruby,Holt,female,rholt@verizon.net,672 Huutlahdentie,Lappeenranta,54460,22
573,Doyle,Viswanathan,male,doyle_viswanathan@msn.com,181 Huutlahdentie,Lappeenranta,54460,0
574,Silas,Jaquez,female,silas.jaquez@cox.net,458 Huutlahdentie,Lappeenranta,54460,7
575,Kellie,Pettigrew,female,k_pettigrew@aol.com,912 Huutlahdentie,Lappeenranta,54460,75
576,Woodrow,Harry,male,woodrow.harry@gmail.com,559 Huutlahdentie,Lappeenranta,54460,22
577,Lucia,Dodson,female,lucia@gmail.com,813 Huutlahdentie,Lappeenranta,54460,10
578,Stefan,Valencia,female,svalencia@comcast.net,567 Huutlahdentie,Lappeenranta,54460,15
579,Ofelia,Gill,female,ogill@msn.com,503 Huutlahdentie,Lappeenranta,54460,83
580,Francine,Huggins,male,huggins@aol.com,216 Huutlahdentie,Lappeenranta,54460,3
581,April,Powers,female,apowers@gmail.com,339 Huutlahdentie,Lappeenranta,54460,21
582,Kennith,Tham,male,k_tham@gmail.com,263 Huutlahdentie,Lappeenranta,54460,35
583,Warren,Benson,female,wbenson@msn.com,39 Huutlahdentie,Lappeenranta,54460,37
584,Mary,Helton,male,m.helton@comcast.net,692 Huutlahdentie,Lappeenranta,54460,58
585,Judith,Tao,female,judithtao@comcast.net,330 Huutlahdentie,Lappeenranta,54460,40
586,Harry,Courtney,male,courtney@yahoo.com,279 Huutlahdentie,Lappeenranta,54460,1
587,Jasmine,Medrano,female,j_medrano@msn.com,503 Huutlahdentie,Lappeenranta,54460,51
588,Charley,Lawrence,male,charley_lawrence@cox.net,455 Huutlahdentie,Lappeenranta,54460,47
589,Marion,Oneill,male,moneill@cox.net,581 Huutlahdentie,Lappeenranta,54460,28
590,Leon,Posada,male,lposada@yahoo.com,530 Huutlahdentie,Lappeenranta,54460,21
591,Silas,Currie,male,currie@gmail.com,924 Huutlahdentie,Lappeenranta,54460,65
592,Flossie,Cherian,male,flossie_cherian@cox.net,798 Huutlahdentie,Lappeenranta,54460,35
593,Mollie,Larson,female,mollie_larson@gmail.com,13 Huutlahdentie,Lappeenranta,54460,0
594,Jonas,Lorenzana,female,jlorenzana@aol.com,558 Huutlahdentie,Lappeenranta,54460,23
595,Noelle,Yates,female,n_yates@yahoo.com,856 Huutlahdentie,Lappeenranta,54460,18
596,Esmeralda,Azam,female,esmeralda_azam@hotmail.com,870 Huutlahdentie,Lappeenranta,54460,5
597,Dante,Hudson,female,d_hudson@verizon.net,76 Huutlahdentie,Lappeenranta,54460,52
598,Xavier,Bronson,male,xavierbronson@msn.com,960 Huutlahdentie,Lappeenranta,54460,48
599,Lazaro,Borja,male,lazaro@aol.com,112 Huutlahdentie,Lappeenranta,54460,35
600,Marissa,Wallace,female,marissa.wallace@comcast.net,900 Huutlahdentie,Lappeenranta,54460,12
601,Colin,Redbird,male,colin@verizon.net,748 Huutlahdentie,Lappeenranta,54460,68
602,Jeannie,Yoshimura,female,jeannieyoshimura@comcast.net,627 Huutlahdentie,Lappeenranta,54460,63
603,Jeffry,Reese,male,reese@comcast.net,141 Huutlahdentie,Lappeenranta,54460,33
604,Donna,Tenorio,female,donna_tenorio@comcast.net,802 Vaakatie,Helsinki,00440,43
605,Melvin,Ritchie,male,melvinritchie@verizon.net,75 Aurorankatu,Helsinki,00100,47
606,Peter,Davenport,female,pdavenport@verizon.net,539 Vänrikki Stoolin katu,Helsinki,00100,11
607,Amparo,Secody,male,secody@msn.com,370 Aurorankatu,Helsinki,00100,25
608,Lillian,Morin,female,l.morin@aol.com,305 Museokatu,Helsinki,00100,37
609,Sylvester,Warren,male,sylvester@gmail.com,387 Oksasenkatu,Helsinki,00100,52
610,Boyd,Mclean,male,boyd.mclean@gmail.com,781 Cygnaeuksenkatu,Helsinki,00100,27
611,Galen,Pratt,male,g.pratt@verizon.net,936 Sofianlehdonkatu,Helsinki,00610,15
612,John,Bender,female,johnbender@comcast.net,219 Vaakatie,Helsinki,00440,0
613,Mason,Mckee,male,mason@msn.com,561 Museokatu,Helsinki,00100,3
614,Erich,Mcknight,male,mcknight@yahoo.com,459 Vaakatie,Helsinki,00440,27
615,Kathrine,Louie,female,k.louie@gmail.com,169 Sofianlehdonkatu,Helsinki,00610,60
616,Edwin,Torrez,male,etorrez@yahoo.com,641 Ilmarinkatu,Helsinki,00100,18
617,Jordan,Black,female,jordan@cox.net,55 Töölönkatu,Helsinki,00100,25
618,Celeste,Guerrero,female,celeste@yahoo.com,982 Apollonkatu,Helsinki,00100,37
619,Buddy,Atwal,male,buddy_atwal@msn.com,509 Sofianlehdonkatu,Helsinki,00610,43
620,Noah,Berry,male,noah@hotmail.com,195 Aurorankatu,Helsinki,00100,1
621,Adam,Pierre,male,a_pierre@msn.com,683 Laurinniityntie,Helsinki,00440,12
622,Nickolas,Hodge,male,nickolas_hodge@msn.com,203 Lapuankatu,Helsinki,00100,83
623,Velma,Solomon,female,velma_solomon@gmail.com,359 Kuparitie,Helsinki,00440,26
624,Meagan,Sledge,female,msledge@yahoo.com,799 Apollonkatu,Helsinki,00100,26
625,Alberta,Marshall,female,marshall@gmail.com,321 Apollonkatu,Helsinki,00100,12
626,Normand,Diaz,male,normand.diaz@cox.net,485 Sofianlehdonkatu,Helsinki,00610,13
627,Ivory,Sepeda,female,i_sepeda@yahoo.com,213 Oksasenkatu,Helsinki,00100,10
628,Marlene,Zaman,female,mzaman@cox.net,411 Museokatu,Helsinki,00100,50
629,Ramona,Teo,female,ramona_teo@cox.net,451 Vänrikki Stoolin katu,Helsinki,00100,38
630,Lara,Tsai,female,lara_tsai@msn.com,158 Sofianlehdonkatu,Helsinki,00610,51
631,Paula,Murray,male,p_murray@yahoo.com,376 Museokatu,Helsinki,00100,8
632,Rosa,Hewitt,female,hewitt@yahoo.com,812 Oksasenkatu,Helsinki,00100,11
633,Mitzi,Faulkner,female,mfaulkner@hotmail.com,509 Apollonkatu,Helsinki,00100,15
634,Fabian,Elliott,male,fabian_elliott@verizon.net,170 Museokatu,Helsinki,00100,22
635,Alphonse,Malagon,male,a_malagon@gmail.com,914 Museokatu,Helsinki,00100,18
636,Isaiah,Kawai,male,i_kawai@aol.com,389 Sofianlehdonkatu,Helsinki,00610,41
637,John,Hand,male,john_hand@cox.net,755 Sofianlehdonkatu,Helsinki,00610,23
638,Deann,May,female,may@gmail.com,52 Sofianlehdonkatu,Helsinki,00610,28
639,Bill,Khang,female,bill.khang@verizon.net,619 Oksasenkatu,Helsinki,00100,43
640,Chance,Bitsuie,male,c_bitsuie@cox.net,655 Apollonkatu,Helsinki,00100,12
641,Katina,Funes,female,katinafunes@comcast.net,46 Vänrikki Stoolin katu,Helsinki,00100,0
642,Bette,Potts,female,bettepotts@gmail.com,86 Aurorankatu,Helsinki,00100,18
643,Cornell,Thorpe,female,c.thorpe@cox.net,288 Vänrikki Stoolin katu,Helsinki,00100,35
644,Shauna,Sannicolas,female,s_sannicolas@verizon.net,57 Vänrikki Stoolin katu,Helsinki,00100,43
645,Edwardo,David,male,e_david@msn.com,518 Ilmarinkatu,Helsinki,00100,15
646,Erin,Ferreira,male,eferreira@yahoo.com,927 Sofianlehdonkatu,Helsinki,00610,5
647,Effie,Morrison,male,effie_morrison@aol.com,492 Vänrikki Stoolin katu,Helsinki,00100,36
648,Alva,Mclemore,male,alva_mclemore@gmail.com,916 Töölönkatu,Helsinki,00100,82
649,Mary,Towne,female,towne@cox.net,455 Sofianlehdonkatu,Helsinki,00610,56
650,Kimberly,Briones,female,k_briones@aol.com,958 Vänrikki Stoolin katu,Helsinki,00100,28
651,Barbra,Blair,female,barbra.blair@aol.com,449 Hopeatie,Helsinki,00440,43
652,Colleen,Losoya,female,colleen.losoya@gmail.com,400 Museokatu,Helsinki,00100,38
653,Scot,Henao,male,shenao@comcast.net,484 Oksasenkatu,Helsinki,00100,13
654,Roscoe,Ozuna,male,ozuna@cox.net,866 Museokatu,Helsinki,00100,66
655,Avery,Bae,male,averybae@msn.com,194 Vänrikki Stoolin katu,Helsinki,00100,33
656,Meghan,Cadman,female,mcadman@yahoo.com,194 Museokatu,Helsinki,00100,46
657,Gordon,Sherman,male,gordon@aol.com,33 Museokatu,Helsinki,00100,15
658,Corina,Cotto,female,c_cotto@hotmail.com,727 Museokatu,Helsinki,00100,2
659,Sandy,Ray,male,sandy_ray@gmail.com,241 Ilmarinkatu,Helsinki,00100,55
660,Erna,Dandridge,male,erna.dandridge@cox.net,400 Vänrikki Stoolin katu,Helsinki,00100,28
661,Carson,Canchola,male,carson.canchola@cox.net,85 Sofianlehdonkatu,Helsinki,00610,11
662,Nick,Okamoto,male,nick.okamoto@cox.net,175 Kuparitie,Helsinki,00440,10
663,Carissa,Gonzalez,female,gonzalez@aol.com,904 Fredrikinkatu,Helsinki,00100,18
664,Houston,Abernathy,male,houston.abernathy@verizon.net,810 Sofianlehdonkatu,Helsinki,00610,48
665,Earnest,Rodgers,male,earnestrodgers@cox.net,376 Sofianlehdonkatu,Helsinki,00610,22
666,Lina,Akers,female,lakers@gmail.com,495 Fredrikinkatu,Helsinki,00100,11
667,Sheldon,Stpierre,male,s_stpierre@hotmail.com,873 Apollonkatu,Helsinki,00100,23
668,Ana,Guardipee,female,a.guardipee@yahoo.com,637 Fredrikinkatu,Helsinki,00100,31
669,Berta,Belen,female,belen@yahoo.com,670 Ilmarinkatu,Helsinki,00100,57
670,Dwayne,Grove,male,dwayne.grove@cox.net,932 Tunturikatu,Helsinki,00100,12
671,Ollie,Lackey,male,ollie@yahoo.com,852 Oksasenkatu,Helsinki,00100,28
672,Nina,Hamm,male,n_hamm@aol.com,895 Lapuankatu,Helsinki,00100,10
673,Leonel,Rosa,male,leonel.rosa@verizon.net,716 Sofianlehdonkatu,Helsinki,00610,0
674,Lolita,Butler,male,lolitabutler@yahoo.com,114 Sofianlehdonkatu,Helsinki,00610,36
675,Dane,Ramsey,female,dramsey@comcast.net,126 Kuparitie,Helsinki,00440,20
676,Johnnie,Carter,male,j.carter@verizon.net,341 Aurorankatu,Helsinki,00100,11
677,Lena,Magno,female,l_magno@gmail.com,8 Fredrikinkatu,Helsinki,00100,46
678,Luciano,Barranco,male,luciano_barranco@hotmail.com,339 Museokatu,Helsinki,00100,47
679,Viola,Hung,female,v_hung@msn.com,260 Oksasenkatu,Helsinki,00100,16
680,Aurelia,Elder,female,aurelia.elder@yahoo.com,332 Fredrikinkatu,Helsinki,00100,1
681,Olive,Carter,male,olive.carter@gmail.com,80 Dagmarinkatu,Helsinki,00100,68
682,Lakeisha,Pulliam,female,lakeisha.pulliam@aol.com,4 Aurorankatu,Helsinki,00100,58
683,Antoinette,Mccollum,female,mccollum@cox.net,247 Sofianlehdonkatu,Helsinki,00610,41
684,Alfreda,Weldon,female,aweldon@comcast.net,670 Vaakakuja,Helsinki,00440,73
685,Ernestine,Terry,female,ernestine@verizon.net,296 Laurinniityntie,Helsinki,00440,31
686,Jarrod,Sherman,male,jarrodsherman@hotmail.com,161 Niittykulmantie,Helsinki,00440,92
687,Ezra,Blanchard,male,ezra.blanchard@verizon.net,607 Museokatu,Helsinki,00100,82
688,Leann,Atencio,male,leann@msn.com,606 Sofianlehdonkatu,Helsinki,00610,21
689,Ben,Battles,male,ben_battles@msn.com,86 Vänrikki Stoolin katu,Helsinki,00100,63
690,Carter,Robert,male,c.robert@cox.net,502 Ilmarinkatu,Helsinki,00100,25
691,Natasha,Thomas,male,n.thomas@comcast.net,561 Vänrikki Stoolin katu,Helsinki,00100,6
692,Collin,Rubalcava,male,c_rubalcava@msn.com,974 Laurinniityntie,Helsinki,00440,7
693,Emile,Beatty,female,e_beatty@cox.net,995 Sofianlehdonkatu,Helsinki,00610,42
694,Richard,Paniagua,female,richard.paniagua@comcast.net,979 Töölönkatu,Helsinki,00100,22
695,Rene,Carmichael,female,rene_carmichael@hotmail.com,840 Fredrikinkatu,Helsinki,00100,17
696,Gretchen,Love,female,gretchenlove@msn.com,645 Töölönkatu,Helsinki,00100,38
697,Garrett,Pappan,male,g_pappan@gmail.com,639 Sofianlehdonkatu,Helsinki,00610,23
698,Travis,Rao,female,travis.rao@msn.com,182 Lapuankatu,Helsinki,00100,33
699,Marco,Restrepo,male,m_restrepo@msn.com,929 Museokatu,Helsinki,00100,6
700,Lee,Kimball,female,l.kimball@verizon.net,224 Sofianlehdonkatu,Helsinki,00610,60
701,Ursula,Beavers,female,ursula@aol.com,185 Oksasenkatu,Helsinki,00100,41
702,Irvin,Paz,female,paz@comcast.net,589 Sofianlehdonkatu,Helsinki,00610,32
703,Lauren,Anguiano,male,languiano@yahoo.com,593 Fredrikinkatu,Helsinki,00100,7
704,Marcel,Laducer,male,m.laducer@verizon.net,414 Hopeatie,Helsinki,00440,82
705,Derick,Manjarrez,male,manjarrez@comcast.net,468 Cygnaeuksenkatu,Helsinki,00100,28
706,Ivan,Acuna,male,ivan.acuna@yahoo.com,705 Ilmarinkatu,Helsinki,00100,23
707,Randal,Compton,male,randal_compton@hotmail.com,200 Fredrikinkatu,Helsinki,00100,5
708,Clay,Bejar,male,cbejar@comcast.net,771 Sofianlehdonkatu,Helsinki,00610,50
709,Mervin,Villalba,male,mvillalba@comcast.net,272 Dagmarinkatu,Helsinki,00100,3
710,Noemi,Jimmy,female,noemijimmy@msn.com,935 Sofianlehdonkatu,Helsinki,00610,50
711,Karla,Andersen,female,karla@gmail.com,175 Oksasenkatu,Helsinki,00100,50
712,Ollie,Smallwood,female,o_smallwood@comcast.net,621 Apollonkatu,Helsinki,00100,76
713,Roseann,Blaylock,male,roseann.blaylock@verizon.net,366 Sofianlehdonkatu,Helsinki,00610,8
714,Gina,Jorge,male,g_jorge@verizon.net,182 Sofianlehdonkatu,Helsinki,00610,23
715,Eugenia,Corbett,male,corbett@comcast.net,387 Aurorankatu,Helsinki,00100,11
716,Branden,Mejia,male,bmejia@msn.com,60 Ilmarinkatu,Helsinki,00100,10
717,Blake,Kamara,male,blakekamara@gmail.com,331 Aurorankatu,Helsinki,00100,1
718,Rolando,Henry,female,r.henry@aol.com,854 Fredrikinkatu,Helsinki,00100,22
719,Wilford,Parekh,male,wilford_parekh@comcast.net,322 Museokatu,Helsinki,00100,18
720,Becky,Costello,female,becky@verizon.net,439 Aurorankatu,Helsinki,00100,36
721,Loyd,Mckinney,male,loyd_mckinney@comcast.net,285 Ilmarinkatu,Helsinki,00100,55
722,Denny,Moore,male,moore@cox.net,244 Vänrikki Stoolin katu,Helsinki,00100,16
723,Parker,Pho,male,parker@verizon.net,417 Fredrikinkatu,Helsinki,00100,37
724,Julius,Hood,male,jhood@hotmail.com,245 Niitynperäntie,Helsinki,00440,55
725,Demetrius,Butler,male,demetrius@hotmail.com,908 Vänrikki Stoolin katu,Helsinki,00100,20
726,Luz,Kurtz,female,luz_kurtz@verizon.net,39 Oksasenkatu,Helsinki,00100,11
727,Isaac,Verdugo,female,isaacverdugo@hotmail.com,952 Museokatu,Helsinki,00100,28
728,Dina,Chacon,female,dinachacon@aol.com,654 Apollonkatu,Helsinki,00100,45
729,Dolly,Crabtree,female,crabtree@yahoo.com,753 Sofianlehdonkatu,Helsinki,00610,15
730,Carter,Saechao,male,carter@aol.com,608 Sofianlehdonkatu,Helsinki,00610,61
731,Frederick,Uddin,male,frederick@verizon.net,19 Niittykulmantie,Helsinki,00440,25
732,Delia,Ricardo,female,d.ricardo@cox.net,28 Museokatu,Helsinki,00100,28
733,Javier,Mccann,female,javiermccann@verizon.net,44 Sofianlehdonkatu,Helsinki,00610,20
734,Ty,Williams,female,tywilliams@gmail.com,881 Cygnaeuksenkatu,Helsinki,00100,32
735,Sallie,Glover,male,sallieglover@gmail.com,597 Apollonkatu,Helsinki,00100,40
736,Tania,Vinson,female,vinson@aol.com,22 Kuparitie,Helsinki,00440,33
737,Sebastian,Weber,male,sebastianweber@yahoo.com,872 Fredrikinkatu,Helsinki,00100,17
738,Victor,Gruber,male,victor_gruber@gmail.com,672 Laurinniityntie,Helsinki,00440,76
739,Randolph,Pecina,female,randolph.pecina@verizon.net,788 Lapuankatu,Helsinki,00100,47
740,Rosario,Jimenes,male,r.jimenes@verizon.net,185 Museokatu,Helsinki,00100,12
741,Esperanza,Gardner,female,egardner@verizon.net,981 Cygnaeuksenkatu,Helsinki,00100,62
742,Verna,Rose,female,v.rose@comcast.net,997 Apollonkatu,Helsinki,00100,13
743,Terry,Valentine,male,terry.valentine@gmail.com,862 Oksasenkatu,Helsinki,00100,40
744,Darin,Tutt,male,dtutt@comcast.net,12 Sofianlehdonkatu,Helsinki,00610,37
745,Wyatt,Eldridge,male,weldridge@hotmail.com,391 Museokatu,Helsinki,00100,30
746,Bruno,Black,male,b_black@cox.net,627 Oksasenkatu,Helsinki,00100,31
747,Refugio,Kohli,male,r_kohli@hotmail.com,732 Museokatu,Helsinki,00100,57
748,Noe,Hailey,male,n_hailey@verizon.net,39 Hopeatie,Helsinki,00440,62
749,Sharron,Ervin,male,s_ervin@cox.net,868 Tunturikatu,Helsinki,00100,77
750,Adele,Pino,male,pino@cox.net,600 Sofianlehdonkatu,Helsinki,00610,62
751,Peggy,Hodges,female,phodges@hotmail.com,857 Sofianlehdonkatu,Helsinki,00610,32
752,Addie,Durham,male,adurham@hotmail.com,565 Tunturikatu,Helsinki,00100,43
753,Bobbie,Lanier,male,bobbie@aol.com,26 Vänrikki Stoolin katu,Helsinki,00100,23
754,Eliseo,Bennett,male,ebennett@yahoo.com,374 Oksasenkatu,Helsinki,00100,48
755,Leslie,Ponce,male,leslieponce@msn.com,196 Sofianlehdonkatu,Helsinki,00610,43
756,Eloy,Robinson,male,e.robinson@comcast.net,119 Kuparitie,Helsinki,00440,40
757,Claire,Manuel,female,c_manuel@verizon.net,62 Aurorankatu,Helsinki,00100,25
758,Estelle,Herron,female,e_herron@comcast.net,152 Fredrikinkatu,Helsinki,00100,47
759,Billie,Stephenson,male,bstephenson@gmail.com,847 Museokatu,Helsinki,00100,7
760,Concetta,Jennings,female,concettajennings@comcast.net,991 Vaakakuja,Helsinki,00440,5
761,Sydney,Vivar,male,sydney@msn.com,894 Tunturikatu,Helsinki,00100,55
762,Rocco,Gibson,male,rgibson@yahoo.com,203 Cygnaeuksenkatu,Helsinki,00100,22
763,Deanne,Momin,female,d_momin@hotmail.com,299 Sofianlehdonkatu,Helsinki,00610,20
764,Stefanie,Deanda,female,stefanie_deanda@yahoo.com,832 Vaakakuja,Helsinki,00440,17
765,Wade,Rojas,male,wrojas@msn.com,340 Aurorankatu,Helsinki,00100,43
766,Dino,Morris,female,d_morris@verizon.net,970 Apollonkatu,Helsinki,00100,52
767,Tricia,Delaney,female,delaney@msn.com,757 Leiviskätie,Helsinki,00440,5
768,Cecile,Lizama,female,cecile_lizama@gmail.com,369 Fredrikinkatu,Helsinki,00100,52
769,Tyrone,Lockwood,male,t_lockwood@verizon.net,526 Oksasenkatu,Helsinki,00100,1
770,Rickie,Clement,male,rclement@yahoo.com,188 Töölönkatu,Helsinki,00100,1
771,Tracey,Saeed,female,saeed@verizon.net,9 Museokatu,Helsinki,00100,1
772,Hattie,Holiday,female,hattieholiday@gmail.com,890 Oksasenkatu,Helsinki,00100,3
773,Duncan,Beal,male,duncan_beal@yahoo.com,721 Oksasenkatu,Helsinki,00100,27
774,Kelvin,Yepa,male,k.yepa@hotmail.com,287 Oksasenkatu,Helsinki,00100,20
775,Rodrick,Hedrick,male,r.hedrick@aol.com,570 Sofianlehdonkatu,Helsinki,00610,53
776,Lincoln,Ky,male,lincoln.ky@cox.net,782 Aurorankatu,Helsinki,00100,70
777,Dominique,Valentine,male,dominique.valentine@cox.net,727 Sofianlehdonkatu,Helsinki,00610,45
778,Sarah,Ballesteros,female,sarah.ballesteros@hotmail.com,704 Niitynperäntie,Helsinki,00440,52
779,Randy,Salmon,male,r.salmon@cox.net,473 Vänrikki Stoolin katu,Helsinki,00100,35
780,Ophelia,Mendoza,female,o.mendoza@comcast.net,981 Sofianlehdonkatu,Helsinki,00610,47
781,Vern,Nie,male,vern@comcast.net,206 Vaakatie,Helsinki,00440,6
782,Irwin,Robbins,male,irwin_robbins@comcast.net,354 Fredrikinkatu,Helsinki,00100,41
783,Young,Winfrey,male,ywinfrey@comcast.net,450 Apollonkatu,Helsinki,00100,53
784,Jackie,Revilla,male,jackie.revilla@cox.net,851 Museokatu,Helsinki,00100,5
785,Michele,Rodriges,male,michelerodriges@gmail.com,898 Fredrikinkatu,Helsinki,00100,2
786,Issac,Stewart,male,istewart@comcast.net,109 Lapuankatu,Helsinki,00100,16
787,Annie,Oneal,male,aoneal@hotmail.com,517 Aurorankatu,Helsinki,00100,65
788,Beryl,Spears,female,b_spears@comcast.net,693 Töölönkatu,Helsinki,00100,28
789,Shelby,Nick,male,s.nick@cox.net,542 Apollonkatu,Helsinki,00100,73
790,Rosanne,Sherman,female,r.sherman@cox.net,550 Sofianlehdonkatu,Helsinki,00610,30
791,Dexter,Bordeaux,male,dexter@yahoo.com,0 Museokatu,Helsinki,00100,20
792,Roosevelt,Ullah,male,r.ullah@cox.net,189 Sofianlehdonkatu,Helsinki,00610,62
793,Lana,Lopez,female,lana@comcast.net,156 Oksasenkatu,Helsinki,00100,11
794,Sandy,Darling,male,sdarling@comcast.net,715 Lapuankatu,Helsinki,00100,27
795,Tina,Enriquez,female,t_enriquez@hotmail.com,626 Tunturikatu,Helsinki,00100,28
796,Loraine,Abel,female,loraine.abel@comcast.net,409 Apollonkatu,Helsinki,00100,33
797,Elisabeth,Floyd,female,e.floyd@cox.net,793 Museokatu,Helsinki,00100,42
798,Daren,Bartley,male,daren_bartley@comcast.net,186 Vänrikki Stoolin katu,Helsinki,00100,30
799,Hiram,Justice,male,h_justice@aol.com,843 Kuparitie,Helsinki,00440,68
800,Octavio,Carrillo,male,octavio@hotmail.com,738 Museokatu,Helsinki,00100,66
801,Freddie,Hendrix,male,freddie_hendrix@msn.com,318 Oksasenkatu,Helsinki,00100,10
802,German,Yu,female,g_yu@msn.com,302 Sofianlehdonkatu,Helsinki,00610,13
803,David,Murray,male,dmurray@yahoo.com,268 Sofianlehdonkatu,Helsinki,00610,36
804,Deena,Woodruff,female,dwoodruff@gmail.com,47 Töölönkatu,Helsinki,00100,5
805,Leola,Montanez,male,montanez@aol.com,390 Vänrikki Stoolin katu,Helsinki,00100,6
806,Rubin,Byrne,male,rubin_byrne@aol.com,974 Museokatu,Helsinki,00100,33
807,Dominique,Mcdonough,female,dmcdonough@hotmail.com,637 Museokatu,Helsinki,00100,7
808,Nolan,Mcclure,male,nolan@gmail.com,972 Museokatu,Helsinki,00100,53
809,Justin,Kirk,male,j_kirk@hotmail.com,378 Fredrikinkatu,Helsinki,00100,67
810,Jayne,Chhun,female,j_chhun@yahoo.com,510 Sofianlehdonkatu,Helsinki,00610,41
811,Ali,Canizales,male,a.canizales@cox.net,711 Oksasenkatu,Helsinki,00100,57
812,Katy,Hurt,male,hurt@verizon.net,643 Oksasenkatu,Helsinki,00100,61
813,Adolfo,Brooks,female,a_brooks@gmail.com,513 Lapuankatu,Helsinki,00100,48
814,Tiffany,Van,female,van@gmail.com,988 Sofianlehdonkatu,Helsinki,00610,1
815,Nicholas,Picard,male,n.picard@cox.net,493 Museokatu,Helsinki,00100,41
816,Gail,Laroque,male,gaillaroque@aol.com,179 Vänrikki Stoolin katu,Helsinki,00100,57
817,Penelope,Matthews,female,penelope_matthews@cox.net,850 Laurinniityntie,Helsinki,00440,41
818,Ilene,Ball,female,ilene.ball@cox.net,594 Museokatu,Helsinki,00100,3
819,Arline,Conn,female,a_conn@hotmail.com,342 Tinatie,Helsinki,00440,26
820,Bernadette,Nijjar,female,b.nijjar@comcast.net,130 Tinatie,Helsinki,00440,23
821,Lane,Bello,male,lane_bello@hotmail.com,80 Niittykulmantie,Helsinki,00440,43
822,Everette,Raval,male,everetteraval@verizon.net,217 Museokatu,Helsinki,00100,20
823,Vonda,Fountain,female,vondafountain@cox.net,320 Fredrikinkatu,Helsinki,00100,36
824,Janna,Vergara,female,j.vergara@cox.net,541 Sofianlehdonkatu,Helsinki,00610,60
825,Freida,Irvin,female,freida.irvin@verizon.net,92 Tunturikatu,Helsinki,00100,71
826,Ismael,Bradley,male,ismaelbradley@hotmail.com,186 Lapuankatu,Helsinki,00100,16
827,Sammy,Barba,male,sbarba@gmail.com,221 Sofianlehdonkatu,Helsinki,00610,42
828,Earl,Agarwal,female,earlagarwal@verizon.net,650 Vaakatie,Helsinki,00440,52
829,Sandy,Trice,male,sandy.trice@verizon.net,627 Apollonkatu,Helsinki,00100,13
830,Kristopher,Diazdeleon,male,k_diazdeleon@yahoo.com,496 Vänrikki Stoolin katu,Helsinki,00100,28
831,Eugenio,Shieh,male,e_shieh@verizon.net,441 Fredrikinkatu,Helsinki,00100,73
832,Williams,Mayle,female,mayle@hotmail.com,972 Hopeatie,Helsinki,00440,26
833,Sonja,Byrd,female,s_byrd@aol.com,256 Laurinniityntie,Helsinki,00440,20
834,Johnathan,Sarmiento,male,jsarmiento@hotmail.com,533 Museokatu,Helsinki,00100,36
835,Lela,Hogan,male,lelahogan@comcast.net,636 Oksasenkatu,Helsinki,00100,42
836,Nita,Barahona,female,nbarahona@gmail.com,250 Lapuankatu,Helsinki,00100,36
837,Tonia,Cartwright,male,tonia.cartwright@gmail.com,484 Fredrikinkatu,Helsinki,00100,18
838,Reinaldo,Parker,male,reinaldoparker@cox.net,545 Vänrikki Stoolin katu,Helsinki,00100,76
839,Kennith,Kaiser,female,kaiser@aol.com,341 Tinatie,Helsinki,00440,13
840,Kathryn,Goyal,female,goyal@hotmail.com,856 Vaakatie,Helsinki,00440,67
841,Elmer,Tejada,male,e_tejada@msn.com,29 Sofianlehdonkatu,Helsinki,00610,31
842,Denny,Reed,female,denny.reed@cox.net,466 Oksasenkatu,Helsinki,00100,52
843,Helene,Merritt,female,merritt@aol.com,231 Vaakatie,Helsinki,00440,7
844,Alexis,Swan,female,alexis_swan@hotmail.com,968 Vänrikki Stoolin katu,Helsinki,00100,13
845,Gail,Gregorio,female,gail.gregorio@hotmail.com,178 Lapuankatu,Helsinki,00100,11
846,Alice,Bostic,female,abostic@msn.com,626 Museokatu,Helsinki,00100,3
847,Heather,Luckett,female,heather@cox.net,557 Apollonkatu,Helsinki,00100,28
848,Connie,Calles,female,connie_calles@hotmail.com,351 Lapuankatu,Helsinki,00100,18
849,Francisco,Hitchcock,male,francisco_hitchcock@gmail.com,832 Sofianlehdonkatu,Helsinki,00610,73
850,Elbert,Xia,female,elbert_xia@yahoo.com,790 Oksasenkatu,Helsinki,00100,23
851,Bobbi,Munson,female,bobbi.munson@yahoo.com,758 Cygnaeuksenkatu,Helsinki,00100,31
852,Gabriel,Sutherland,female,gsutherland@verizon.net,414 Sofianlehdonkatu,Helsinki,00610,13
853,Dave,Lott,female,d_lott@hotmail.com,227 Vänrikki Stoolin katu,Helsinki,00100,12
854,Harley,Corley,male,harley_corley@comcast.net,98 Fredrikinkatu,Helsinki,00100,28
855,Arthur,Doi,male,doi@gmail.com,336 Aurorankatu,Helsinki,00100,63
856,Marvin,Choe,male,marvin.choe@cox.net,950 Aurorankatu,Helsinki,00100,1
857,Louisa,Hernandes,female,louisa.hernandes@yahoo.com,163 Lapuankatu,Helsinki,00100,35
858,Keri,Zamorano,male,k_zamorano@hotmail.com,831 Museokatu,Helsinki,00100,31
859,Caleb,Ramaswamy,male,calebramaswamy@yahoo.com,687 Museokatu,Helsinki,00100,32
860,Cherry,Yano,female,c_yano@aol.com,136 Lapuankatu,Helsinki,00100,18
861,Felix,Arboleda,male,felix.arboleda@cox.net,554 Ilmarinkatu,Helsinki,00100,28
862,Margery,Villa,female,margery@cox.net,356 Sofianlehdonkatu,Helsinki,00610,27
863,Coleen,Bianco,male,cbianco@gmail.com,257 Vaakatie,Helsinki,00440,6
864,Devon,Stone,male,dstone@gmail.com,996 Apollonkatu,Helsinki,00100,3
865,Felicia,Trout,female,f_trout@hotmail.com,175 Vaakatie,Helsinki,00440,36
866,Evelyn,Catano,female,evelyn_catano@hotmail.com,584 Apollonkatu,Helsinki,00100,50
867,Norma,Newsome,female,nnewsome@aol.com,358 Sofianlehdonkatu,Helsinki,00610,21
868,Humberto,Hoover,male,humberto@msn.com,379 Ilmarinkatu,Helsinki,00100,13
869,Jean,Law,female,j_law@verizon.net,476 Oksasenkatu,Helsinki,00100,20
870,Roberto,Atkinson,male,ratkinson@msn.com,480 Apollonkatu,Helsinki,00100,31
871,Melanie,Pettigrew,female,melanie_pettigrew@msn.com,222 Tinatie,Helsinki,00440,31
872,Riley,Belcher,male,riley.belcher@aol.com,456 Vänrikki Stoolin katu,Helsinki,00100,18
873,Wyatt,Savoy,male,wyatt.savoy@hotmail.com,865 Museokatu,Helsinki,00100,55
874,Leonor,Bartolome,female,leonorbartolome@aol.com,216 Fredrikinkatu,Helsinki,00100,26
875,Howard,Quesada,male,howardquesada@yahoo.com,68 Cygnaeuksenkatu,Helsinki,00100,0
876,Christine,Sullivan,female,c.sullivan@gmail.com,625 Apollonkatu,Helsinki,00100,43
877,Dianne,Mccormick,female,diannemccormick@yahoo.com,6 Vänrikki Stoolin katu,Helsinki,00100,15
878,Ward,Bragg,male,ward@aol.com,531 Vänrikki Stoolin katu,Helsinki,00100,57
879,Lucy,Peebles,female,peebles@verizon.net,898 Sofianlehdonkatu,Helsinki,00610,46
880,Jayson,Cruz,female,jcruz@cox.net,216 Sofianlehdonkatu,Helsinki,00610,22
881,Sheena,Carver,male,sheena.carver@hotmail.com,819 Museokatu,Helsinki,00100,47
882,Joan,Ghani,male,jghani@verizon.net,330 Sofianlehdonkatu,Helsinki,00610,17
883,Sylvia,High,female,sylvia_high@gmail.com,19 Lutherinkatu,Helsinki,00100,60
884,Morgan,Duvall,female,duvall@gmail.com,44 Lapuankatu,Helsinki,00100,13
885,Betsy,Eley,female,beley@cox.net,271 Aurorankatu,Helsinki,00100,2
886,Mattie,Samra,female,mattie@aol.com,323 Cygnaeuksenkatu,Helsinki,00100,17
887,Jimmie,Frank,female,jimmiefrank@yahoo.com,269 Ilmarinkatu,Helsinki,00100,5
888,Morton,Lyons,male,mlyons@aol.com,671 Ilmarinkatu,Helsinki,00100,66
889,Katrina,Graff,female,katrina_graff@msn.com,739 Museokatu,Helsinki,00100,32
890,Bryan,Walter,female,b.walter@gmail.com,3 Vaakatie,Helsinki,00440,12
891,Marva,Potts,female,m.potts@hotmail.com,55 Sofianlehdonkatu,Helsinki,00610,57
892,Janelle,Misra,female,janelle_misra@verizon.net,538 Tunturikatu,Helsinki,00100,23
893,Blair,Stewart,male,blair.stewart@cox.net,662 Museokatu,Helsinki,00100,43
894,Daphne,Palmer,female,daphne_palmer@cox.net,978 Aurorankatu,Helsinki,00100,31
895,Raphael,Greene,male,rgreene@aol.com,643 Vänrikki Stoolin katu,Helsinki,00100,31
896,Ola,Yadao,female,ola.yadao@yahoo.com,123 Sofianlehdonkatu,Helsinki,00610,28
897,Jules,Delapena,female,j_delapena@gmail.com,29 Museokatu,Helsinki,00100,36
898,Bonita,Blanks,female,bonitablanks@verizon.net,462 Lutherinkatu,Helsinki,00100,31
899,Lynette,Corcoran,female,lynettecorcoran@yahoo.com,797 Museokatu,Helsinki,00100,46
900,Reva,Campa,female,revacampa@comcast.net,309 Vaakakuja,Helsinki,00440,33
901,Elias,Cornett,male,elias_cornett@yahoo.com,114 Leppäsuonkatu,Helsinki,00100,1
902,Josue,See,male,j_see@gmail.com,865 Lapuankatu,Helsinki,00100,53
903,Bridgette,Herrmann,male,bridgette.herrmann@aol.com,571 Museokatu,Helsinki,00100,77
904,Aron,Mcguire,male,a.mcguire@verizon.net,240 Vaakatie,Helsinki,00440,26
905,Marla,Hardwick,female,mhardwick@msn.com,583 Laurinniityntie,Helsinki,00440,21
906,Savannah,Zarate,male,savannah.zarate@yahoo.com,371 Niitynperäntie,Helsinki,00440,0
907,Dee,Mangual,female,mangual@cox.net,498 Museokatu,Helsinki,00100,48
908,Angie,Vien,female,angie@comcast.net,170 Apollonkatu,Helsinki,00100,12
909,Jorge,Lorenz,male,jorge_lorenz@gmail.com,381 Kuparitie,Helsinki,00440,22
910,Maritza,Hankins,female,m.hankins@aol.com,952 Oksasenkatu,Helsinki,00100,22
911,Zachery,Orduna,male,zacheryorduna@aol.com,345 Sofianlehdonkatu,Helsinki,00610,32
912,Vernon,Ortiz,male,ortiz@cox.net,194 Vaakakuja,Helsinki,00440,18
913,Lynne,Moise,female,lynnemoise@hotmail.com,135 Lutherinkatu,Helsinki,00100,55
914,Cornelius,Mohamed,male,corneliusmohamed@cox.net,546 Oksasenkatu,Helsinki,00100,3
915,Valeria,Simpson,female,valeria.simpson@yahoo.com,52 Museokatu,Helsinki,00100,3
916,Darcy,Liwanag,female,darcyliwanag@cox.net,16 Ilmarinkatu,Helsinki,00100,6
917,Latasha,Givens,female,latasha.givens@cox.net,651 Laurinniityntie,Helsinki,00440,67
918,Bertie,Teller,female,b_teller@aol.com,864 Museokatu,Helsinki,00100,35
919,Normand,Ferrer,male,ferrer@hotmail.com,436 Sofianlehdonkatu,Helsinki,00610,62
920,Ernest,Rehman,male,ernest_rehman@hotmail.com,572 Museokatu,Helsinki,00100,5
921,Adrienne,Peters,female,adrienne.peters@gmail.com,552 Museokatu,Helsinki,00100,52
922,Carmella,Hester,female,hester@hotmail.com,984 Töölönkatu,Helsinki,00100,17
923,Delmar,Robison,male,delmar@msn.com,44 Museokatu,Helsinki,00100,2
924,Norris,Bagley,male,n.bagley@msn.com,653 Oksasenkatu,Helsinki,00100,43
925,Royal,Cline,female,royalcline@gmail.com,401 Museokatu,Helsinki,00100,30
926,Matilda,Swaminathan,female,matilda_swaminathan@gmail.com,780 Museokatu,Helsinki,00100,0
927,Guadalupe,Martin,male,g.martin@hotmail.com,183 Museokatu,Helsinki,00100,12
928,Lynnette,Tsinnie,female,tsinnie@verizon.net,173 Tunturikatu,Helsinki,00100,10
929,Thaddeus,Pourier,female,t_pourier@yahoo.com,399 Vänrikki Stoolin katu,Helsinki,00100,2
930,Scot,Caballero,female,s_caballero@cox.net,832 Hopeatie,Helsinki,00440,18
931,Beverly,Molina,female,b_molina@verizon.net,802 Oksasenkatu,Helsinki,00100,56
932,Lyle,Henderson,male,lyle_henderson@verizon.net,761 Vänrikki Stoolin katu,Helsinki,00100,7
933,Jannie,Hernandez,female,jannie.hernandez@msn.com,568 Ilmarinkatu,Helsinki,00100,62
934,Ada,Thakur,male,a.thakur@yahoo.com,225 Sofianlehdonkatu,Helsinki,00610,3
935,Dion,Randolph,male,randolph@comcast.net,414 Apollonkatu,Helsinki,00100,32
936,Art,Cordova,male,art.cordova@comcast.net,780 Töölönkatu,Helsinki,00100,21
937,Les,Perdue,male,les_perdue@msn.com,191 Laurinniityntie,Helsinki,00440,62
938,Brenda,Alvares,female,b.alvares@cox.net,656 Hopeatie,Helsinki,00440,31
939,Rhonda,Parga,female,rparga@yahoo.com,533 Museokatu,Helsinki,00100,37
940,Jesse,Shi,male,j.shi@aol.com,693 Sofianlehdonkatu,Helsinki,00610,40
941,Robin,Baik,male,robin_baik@aol.com,60 Fredrikinkatu,Helsinki,00100,42
942,Coleman,Stock,male,coleman.stock@yahoo.com,895 Fredrikinkatu,Helsinki,00100,47
943,Benito,Witcher,male,benito@gmail.com,826 Museokatu,Helsinki,00100,40
944,Lindsey,Fluellen,female,lindsey@aol.com,920 Lapuankatu,Helsinki,00100,6
945,Scotty,Calabaza,female,scottycalabaza@aol.com,7 Hopeatie,Helsinki,00440,20
946,Marguerite,Aguero,female,aguero@gmail.com,298 Apollonkatu,Helsinki,00100,48
947,Alejandro,Lyons,male,a_lyons@yahoo.com,898 Sofianlehdonkatu,Helsinki,00610,47
948,Vicki,Lechuga,female,vicki.lechuga@hotmail.com,357 Vänrikki Stoolin katu,Helsinki,00100,15
949,Vaughn,Humphrey,male,vhumphrey@cox.net,14 Vänrikki Stoolin katu,Helsinki,00100,0
950,Monique,Hang,female,monique_hang@gmail.com,823 Ilmarinkatu,Helsinki,00100,1
951,Bryce,Maloney,male,bmaloney@msn.com,252 Sofianlehdonkatu,Helsinki,00610,5
952,Clement,Ocana,male,clement.ocana@verizon.net,604 Lapuankatu,Helsinki,00100,55
953,Hubert,Sheets,female,h_sheets@hotmail.com,294 Kuparitie,Helsinki,00440,25
954,Allison,Leano,female,allison.leano@aol.com,226 Dagmarinkatu,Helsinki,00100,57
955,Letha,Landaverde,female,l.landaverde@gmail.com,292 Apollonkatu,Helsinki,00100,55
956,Marcia,Sampson,male,marciasampson@msn.com,526 Sofianlehdonkatu,Helsinki,00610,3
957,Juliana,Ronquillo,female,julianaronquillo@yahoo.com,240 Aurorankatu,Helsinki,00100,5
958,Austin,Cramer,male,cramer@yahoo.com,708 Museokatu,Helsinki,00100,31
959,Edwardo,Neal,male,e_neal@hotmail.com,397 Museokatu,Helsinki,00100,85
960,Lilly,Power,female,lilly.power@hotmail.com,332 Fredrikinkatu,Helsinki,00100,35
961,Moises,Gibbons,male,gibbons@comcast.net,841 Sofianlehdonkatu,Helsinki,00610,50
962,Dwight,Delatorre,male,delatorre@verizon.net,788 Tunturikatu,Helsinki,00100,61
963,Greta,Gordon,female,ggordon@aol.com,910 Vänrikki Stoolin katu,Helsinki,00100,53
964,Efren,Leslie,male,e_leslie@verizon.net,570 Museokatu,Helsinki,00100,65
965,Byron,Tidwell,male,byron.tidwell@aol.com,15 Sofianlehdonkatu,Helsinki,00610,43
966,Ferdinand,Ayala,female,f.ayala@yahoo.com,454 Museokatu,Helsinki,00100,36
967,Edgar,Hunter,male,edgar@comcast.net,343 Aurorankatu,Helsinki,00100,52
968,Russel,Mohan,male,r.mohan@msn.com,614 Museokatu,Helsinki,00100,31
969,Brittany,Gracia,female,brittany.gracia@comcast.net,570 Apollonkatu,Helsinki,00100,40
970,Kris,Parmar,male,kris_parmar@aol.com,370 Tunturikatu,Helsinki,00100,21
971,Eliza,Gross,female,elizagross@yahoo.com,738 Niittykulmantie,Helsinki,00440,38
972,Daren,Kirkpatrick,male,d.kirkpatrick@msn.com,762 Sofianlehdonkatu,Helsinki,00610,46
973,Abe,Alamo,male,aalamo@yahoo.com,991 Apollonkatu,Helsinki,00100,50
974,Jenifer,Barnett,female,j.barnett@hotmail.com,937 Sofianlehdonkatu,Helsinki,00610,22
975,Jonathan,Kidd,male,j_kidd@verizon.net,973 Tunturikatu,Helsinki,00100,25
976,Trenton,Kerns,male,tkerns@yahoo.com,798 Sofianlehdonkatu,Helsinki,00610,46
977,Josie,Harry,female,josieharry@msn.com,347 Hopeatie,Helsinki,00440,17
978,Marisa,Moraga,female,moraga@msn.com,824 Lapuankatu,Helsinki,00100,83
979,Nola,Wilber,female,nola.wilber@aol.com,162 Lapuankatu,Helsinki,00100,35
980,Roxanne,Mccree,female,r.mccree@aol.com,426 Ilmarinkatu,Helsinki,00100,62
981,Wilfred,Rutherford,female,w.rutherford@yahoo.com,679 Cygnaeuksenkatu,Helsinki,00100,71
982,Cathy,Jacob,female,cathy_jacob@cox.net,458 Vänrikki Stoolin katu,Helsinki,00100,61
983,Chandra,Motley,female,c_motley@yahoo.com,482 Museokatu,Helsinki,00100,2
984,Emmanuel,Roh,male,emmanuelroh@gmail.com,613 Leiviskätie,Helsinki,00440,11
985,Cruz,Lund,male,cruzlund@hotmail.com,305 Hopeatie,Helsinki,00440,7
986,Kieth,Depaz,male,k_depaz@cox.net,372 Sofianlehdonkatu,Helsinki,00610,1
987,Erin,Cornelio,female,ecornelio@cox.net,861 Fredrikinkatu,Helsinki,00100,27
988,Mildred,Esteban,female,mildredesteban@yahoo.com,724 Aurorankatu,Helsinki,00100,53
989,Sharlene,Pedroza,female,spedroza@gmail.com,208 Vaakakuja,Helsinki,00440,42
990,Drew,Eubanks,female,d_eubanks@hotmail.com,185 Vänrikki Stoolin katu,Helsinki,00100,17
991,Gerry,Quintana,male,gerryquintana@verizon.net,808 Ilmarinkatu,Helsinki,00100,37
992,Cecelia,Aldridge,female,cecelia.aldridge@cox.net,376 Aurorankatu,Helsinki,00100,40
993,Manuela,Isaac,female,manuela_isaac@verizon.net,105 Lapuankatu,Helsinki,00100,15
994,Carol,Alatorre,female,carol_alatorre@verizon.net,650 Museokatu,Helsinki,00100,77
995,Johnie,Esquibel,male,jesquibel@hotmail.com,417 Sofianlehdonkatu,Helsinki,00610,0
996,Marlin,Sagastume,male,sagastume@cox.net,329 Apollonkatu,Helsinki,00100,1
997,Emanuel,Yamazaki,male,emanuel.yamazaki@msn.com,93 Ilmarinkatu,Helsinki,00100,12
998,Gale,Wendt,male,gale@gmail.com,915 Oksasenkatu,Helsinki,00100,17
999,Dewey,Escarcega,male,dewey_escarcega@gmail.com,990 Vaakakuja,Helsinki,00440,7
