,first_name,last_name,gender,email,address,postal_code,age
0,Reinaldo,Littles,male,reinaldo@yahoo.com,265 Keskustie,38600,18
1,Weldon,Nelson,male,nelson@gmail.com,522 Keskustie,38600,1
2,Brandon,Cooke,male,brandon.cooke@yahoo.com,627 Kuntotie,38600,36
3,Glenda,Tani,female,glenda.tani@gmail.com,24 Kuntotie,38600,15
4,Trisha,Mccauley,female,t_mccauley@cox.net,68 Keskustie,38600,6
5,Dolly,Whitebird,female,whitebird@comcast.net,455 Susikoskentie,38600,67
6,Harry,Miura,male,h.miura@msn.com,264 Kuntotie,38600,86
7,Rosalie,Bello,female,rosalie@yahoo.com,813 Viittatie,38600,58
8,Gay,Yano,female,gay.yano@hotmail.com,322 Keskustie,38600,8
9,Holly,Gibbs,female,hgibbs@comcast.net,397 Keskustie,38600,20
10,Moises,Ayers,male,m_ayers@yahoo.com,41 Lutikontie,38600,33
11,Mathew,Chiang,male,m.chiang@aol.com,834 Keskustie,38600,35
12,Chelsea,Alejos,female,chelsea@gmail.com,455 Keskustie,38600,62
13,Laurie,Nagy,male,l.nagy@verizon.net,154 Lutikontie,38600,60
14,Monica,Parish,male,monica_parish@yahoo.com,590 Luhtakuja,38600,27
15,Jarrett,Kitamura,male,jarrett@cox.net,897 Keskustie,38600,40
16,Jacqueline,Wofford,female,jacqueline_wofford@aol.com,944 Huhtalantie,38600,1
17,Kermit,Braswell,male,braswell@aol.com,884 Kuntotie,38600,22
18,Savannah,Waggoner,female,s_waggoner@msn.com,736 Susikoskentie,38600,5
19,Luisa,Capps,male,lcapps@verizon.net,649 Kuntotie,38600,83
20,Jeanette,Pettus,female,j_pettus@msn.com,685 Huhtalantie,38600,30
21,Gertrude,Fink,female,g_fink@aol.com,10 Huhtalantie,38600,33
22,Vicky,Kobayashi,male,vickykobayashi@comcast.net,5 Lutikontie,38600,43
23,Rosanna,Cox,female,rosannacox@hotmail.com,682 Lutikontie,38600,55
24,Janet,Cummins,female,j_cummins@cox.net,402 Keskustie,38600,8
25,Gracie,Hurt,female,gracie@gmail.com,448 Luhtakuja,38600,85
26,Sandra,Geronimo,female,sandra@comcast.net,749 Huhtalantie,38600,47
27,Clay,Crosby,male,claycrosby@cox.net,302 Huhtalantie,38600,57
28,Joe,Mann,male,joe.mann@aol.com,917 Viittatie,38600,20
29,Jayne,Halim,female,jayne@gmail.com,814 Kuntotie,38600,60
30,Angelita,Whipple,female,a_whipple@hotmail.com,430 Susikoskentie,38600,18
31,Lorna,Ty,male,lorna.ty@gmail.com,537 Susikoskentie,38600,50
32,Mindy,Shea,female,mindyshea@aol.com,724 Tarhurintie,38600,47
33,Santiago,Ingram,male,santiago_ingram@hotmail.com,563 Huhtalantie,38600,0
34,Mollie,Zuni,female,mzuni@yahoo.com,415 Luhtakuja,38600,1
35,Karyn,Platt,female,kplatt@aol.com,16 Huhtalantie,38600,47
36,Esther,Hinojosa,female,esther.hinojosa@comcast.net,848 Kuntotie,38600,20
37,Myrna,Cui,female,myrnacui@msn.com,482 Kuntotie,38600,32
38,Wilma,Francis,male,wilma@aol.com,119 Kuntotie,38600,55
39,Donovan,Srinivasan,male,donovansrinivasan@gmail.com,775 Lutikontie,38600,26
40,Chester,Tomlinson,female,chester_tomlinson@comcast.net,210 Huhtalantie,38600,5
41,Jason,Guerrero,male,jason.guerrero@msn.com,330 Luhtakuja,38600,0
42,Candice,Sessoms,female,csessoms@gmail.com,652 Luhtakuja,38600,1
43,Darcy,Persaud,female,darcy_persaud@aol.com,782 Tarhurintie,38600,65
44,Sheri,Sam,female,sheri_sam@gmail.com,154 Keskustie,38600,41
45,Freddy,Holmes,male,freddy@verizon.net,84 Teollisuustie,38600,22
46,Carlo,Guzman,male,carlo.guzman@yahoo.com,35 Keskustie,38600,0
47,Lillian,Albino,male,l_albino@msn.com,974 Tarhurintie,38600,8
48,Ty,Alonso,male,t_alonso@hotmail.com,397 Huhtalantie,38600,40
49,Jamar,Shirley,female,jamar_shirley@verizon.net,12 Huhtalantie,38600,3
50,Imogene,Yip,female,imogene@aol.com,914 Keskustie,38600,17
51,Lucy,Cummings,female,l_cummings@verizon.net,156 Keskustie,38600,21
52,Isidro,Eddy,male,i.eddy@verizon.net,992 Vähärasinkatu,20540,47
53,Jermaine,Rodela,male,jermaine.rodela@msn.com,70 Kellonsoittajankatu,20500,41
54,Lilia,Abrams,female,lilia_abrams@msn.com,894 Kurjenkaivonkenttä,20520,37
55,Brandy,Merritt,female,brandymerritt@comcast.net,257 Ruiskatu,20720,27
56,Irwin,Quesada,male,irwin@aol.com,805 Murskekuja,20740,3
57,Christine,Goss,female,christine@gmail.com,490 Hovioikeudenkatu,20500,47
58,Crystal,Bryant,male,bryant@yahoo.com,809 Ruiskatu,20720,11
59,Arthur,Glass,male,arthur.glass@verizon.net,517 Jarrumiehenkatu,20100,20
60,Chris,Chai,female,chai@verizon.net,649 Ohrakatu,20740,17
61,Sylvia,Mathews,female,smathews@yahoo.com,741 Murskekuja,20740,2
62,Gilda,Doney,male,gilda.doney@gmail.com,765 Ohrakatu,20740,46
63,Herbert,Evan,female,herbert.evan@comcast.net,202 Vähärasinkatu,20540,11
64,Margarita,Sunga,female,margarita.sunga@cox.net,521 Sepelikuja,20740,55
65,Lindsay,Six,female,lindsay@comcast.net,179 Jarrumiehenkatu,20100,50
66,Peggy,Healy,female,healy@aol.com,958 Ruiskatu,20720,21
67,Shaun,Pyle,male,shaun@gmail.com,273 Sepelikuja,20740,5
68,Bryan,Clayton,male,bryan.clayton@msn.com,88 Ruiskatu,20720,15
69,Chad,Valerio,female,chadvalerio@msn.com,240 Kaurakatu,20740,27
70,Freeman,Dsouza,male,freemandsouza@msn.com,474 Jarrumiehenkatu,20100,37
71,Renee,Ogden,female,reneeogden@aol.com,122 Ruiskatu,20720,41
72,Daryl,Youngbird,female,darylyoungbird@yahoo.com,444 Sepelikuja,20740,32
73,Abigail,Romero,female,romero@comcast.net,429 Vähärasinkatu,20540,53
74,Lanny,Butler,male,lanny.butler@aol.com,800 Jarrumiehenkatu,20100,33
75,Toby,Dudley,male,tobydudley@hotmail.com,573 Ruiskatu,20720,51
76,Hiram,Caro,male,hiram_caro@cox.net,518 Kellonsoittajankatu,20500,40
77,Suzanne,Montoya,female,smontoya@gmail.com,51 Pellavakatu,20740,63
78,Jeremiah,Mullins,male,j_mullins@gmail.com,968 Hovioikeudenkatu,20500,5
79,Lori,David,female,ldavid@hotmail.com,971 Ruiskatu,20720,52
80,Bob,Sambrano,female,bob_sambrano@cox.net,592 Sepelikuja,20740,63
81,Warren,Mahone,female,warren.mahone@verizon.net,706 Vähärasinkatu,20540,36
82,Flora,Kendall,female,f_kendall@hotmail.com,933 Ruiskatu,20720,17
83,Bruno,Calhoun,male,bruno_calhoun@comcast.net,25 Ruiskatu,20720,40
84,Arnold,Nanez,male,a_nanez@gmail.com,218 Sepelikuja,20740,40
85,Theron,Sheldon,female,t_sheldon@gmail.com,794 Ohrakatu,20740,13
86,Jeffry,Greenwood,female,jeffrygreenwood@aol.com,287 Kurjenkaivonkenttä,20520,36
87,Merrill,Montanez,female,merrillmontanez@verizon.net,845 Kellonsoittajankatu,20500,16
88,Kieth,Merino,female,kieth@comcast.net,723 Vähärasinkatu,20540,8
89,Lavern,Jacques,male,jacques@comcast.net,934 Nisukatu,20740,28
90,Rosemarie,Miranda,female,r_miranda@cox.net,252 Nupukuja,20740,3
91,Lindsey,Lepe,male,lindsey@hotmail.com,302 Ruiskatu,20720,8
92,Norris,Kearney,male,kearney@msn.com,316 Nupukuja,20740,33
93,Beverley,Vea,female,b_vea@cox.net,787 Kurjenkaivonkenttä,20520,82
94,Blanche,Ewing,female,bewing@cox.net,547 Hovioikeudenkatu,20500,45
95,Martina,Russ,female,m.russ@aol.com,526 Sepelikuja,20740,5
96,Stevie,Noguchi,male,snoguchi@verizon.net,473 Murskekuja,20740,1
97,Melba,Toy,female,melba_toy@comcast.net,643 Hovioikeudenkatu,20500,7
98,Kareem,Dobbs,female,kdobbs@msn.com,488 Sepelikuja,20740,10
99,Burt,Kincaid,female,burt.kincaid@aol.com,356 Murskekuja,20740,66
100,Rosella,Mcginnis,female,r.mcginnis@comcast.net,143 Vähärasinkatu,20540,41
101,Dino,Gladden,female,d.gladden@comcast.net,180 Nisukatu,20740,7
102,Louise,Auguste,female,louiseauguste@aol.com,563 Pellavakatu,20740,17
103,Ferdinand,Mcclelland,female,ferdinand.mcclelland@msn.com,704 Ruiskatu,20720,71
104,Adele,Christian,female,adele.christian@comcast.net,51 Kaurakatu,20740,3
105,Corina,Hendrickson,female,corina_hendrickson@msn.com,9 Nupukuja,20740,50
106,Ann,Steele,female,a.steele@verizon.net,126 Nisukatu,20740,78
107,Alexis,Arcos,female,arcos@gmail.com,133 Pellavakatu,20740,15
108,Susanne,Hudson,female,susanne@verizon.net,123 Ohrakatu,20740,38
109,Ward,Mann,male,mann@hotmail.com,93 Vähärasinkatu,20540,60
110,Gil,Gagnon,male,gil_gagnon@yahoo.com,300 Ruiskatu,20720,2
111,Dionne,Freemont,female,dionnefreemont@gmail.com,426 Ohrakatu,20740,15
112,Byron,Mckinley,female,mckinley@hotmail.com,500 Sepelikuja,20740,45
113,Emile,Franco,male,emilefranco@gmail.com,633 Jarrumiehenkatu,20100,36
114,Valentin,Way,male,v.way@comcast.net,168 Hovioikeudenkatu,20500,68
115,Alta,Won,female,alta@comcast.net,586 Vähärasinkatu,20540,13
116,Wilford,Kline,male,w.kline@verizon.net,192 Ohrakatu,20740,11
117,Riley,Fletcher,male,rileyfletcher@hotmail.com,369 Vähärasinkatu,20540,3
118,Clifford,Villafuerte,female,clifford@cox.net,207 Kaurakatu,20740,68
119,Diego,Tian,female,diego@hotmail.com,938 Jarrumiehenkatu,20100,56
120,Ricardo,White,male,ricardo.white@msn.com,727 Ruiskatu,20720,18
121,Diego,Hayden,male,diego@aol.com,539 Kellonsoittajankatu,20500,76
122,Odell,Thomas,male,thomas@msn.com,376 Jarrumiehenkatu,20100,45
123,Armand,Norman,male,anorman@hotmail.com,184 Kaurakatu,20740,55
124,Ronnie,Ramon,male,r.ramon@msn.com,79 Vähärasinkatu,20540,15
125,Cameron,Barton,male,cameronbarton@comcast.net,903 Nupukuja,20740,26
126,Gloria,Gates,female,gloria_gates@yahoo.com,497 Vähärasinkatu,20540,26
127,Monte,Martin,male,mmartin@hotmail.com,177 Ohrakatu,20740,58
128,Scot,Downing,female,s.downing@msn.com,836 Vähärasinkatu,20540,52
129,Noah,Jefferies,male,noahjefferies@yahoo.com,713 Ruiskatu,20720,20
130,Marisa,Teasley,male,m.teasley@yahoo.com,223 Vähärasinkatu,20540,21
131,Ty,Sprague,male,ty.sprague@msn.com,618 Murskekuja,20740,6
132,Daren,Roybal,female,darenroybal@verizon.net,398 Kellonsoittajankatu,20500,41
133,Stacy,Harwood,male,stacy@comcast.net,254 Kurjenkaivonkenttä,20520,6
134,Paula,Hirose,female,paula_hirose@yahoo.com,807 Vähärasinkatu,20540,36
135,Bryon,Bracamontes,male,bbracamontes@msn.com,368 Ohrakatu,20740,47
136,Charlotte,Farrell,female,cfarrell@comcast.net,491 Kellonsoittajankatu,20500,41
137,Estelle,Balderas,female,estelle.balderas@msn.com,196 Vähärasinkatu,20540,11
138,Graham,Street,male,grahamstreet@gmail.com,405 Vähärasinkatu,20540,2
139,Ada,Trinh,male,atrinh@verizon.net,668 Kellonsoittajankatu,20500,17
140,Annette,Gardner,female,annette_gardner@yahoo.com,953 Murskekuja,20740,86
141,Kimberly,Ninh,male,kimberlyninh@verizon.net,748 Hovioikeudenkatu,20500,60
142,Leona,Sar,female,leona_sar@yahoo.com,631 Kurjenkaivonkenttä,20520,18
143,Phillip,Moran,female,pmoran@gmail.com,929 Kurjenkaivonkenttä,20520,35
144,Grover,Lynch,male,grover_lynch@verizon.net,590 Sepelikuja,20740,15
145,Nichole,Pollard,male,pollard@yahoo.com,128 Ruiskatu,20720,23
146,Betsy,Lum,female,b_lum@cox.net,51 Pellavakatu,20740,25
147,Nicolas,Chappell,female,chappell@gmail.com,461 Sepelikuja,20740,2
148,Antoine,Peltier,male,a.peltier@gmail.com,500 Ohrakatu,20740,32
149,Anthony,Barragan,male,a_barragan@yahoo.com,873 Vähärasinkatu,20540,76
150,Selma,Bajaj,male,s.bajaj@gmail.com,715 Hovioikeudenkatu,20500,13
151,Jeffrey,Nance,male,jeffrey@yahoo.com,756 Kaurakatu,20740,7
152,Carolyn,Vien,female,carolynvien@comcast.net,823 Ruiskatu,20720,18
153,Virgil,England,male,virgil@yahoo.com,847 Nupukuja,20740,22
154,Erick,Varner,female,e_varner@aol.com,696 Ruiskatu,20720,8
155,Clement,Joo,male,clement.joo@hotmail.com,509 Ruiskatu,20720,27
156,Stacey,Umali,female,s_umali@comcast.net,817 Ruiskatu,20720,33
157,Mae,Mccoy,female,mccoy@aol.com,326 Ohrakatu,20740,33
158,Tyler,Valentine,male,t.valentine@hotmail.com,369 Murskekuja,20740,30
159,Hillary,Randle,female,hillary@comcast.net,69 Vähärasinkatu,20540,36
160,Vance,Terry,male,v_terry@yahoo.com,719 Jarrumiehenkatu,20100,2
161,Beverly,Sze,female,sze@verizon.net,604 Vähärasinkatu,20540,40
162,Cornell,Verret,male,verret@msn.com,266 Pellavakatu,20740,35
163,Marlin,Baek,female,marlin.baek@cox.net,139 Kellonsoittajankatu,20500,42
164,Etta,Fitch,female,etta@cox.net,852 Pellavakatu,20740,41
165,Luciano,Gong,female,luciano_gong@cox.net,486 Murskekuja,20740,53
166,Alvin,Lane,male,alvin.lane@verizon.net,751 Nupukuja,20740,21
167,Timmy,Delorme,female,t.delorme@hotmail.com,76 Ruiskatu,20720,48
168,Alton,Oliver,male,alton.oliver@hotmail.com,780 Silmutie,90230,16
169,Luann,Ky,male,l.ky@hotmail.com,566 Nisulantie,90220,21
170,Marietta,Che,female,m.che@msn.com,115 Kaarnapurrentie,90230,57
171,Jayson,Pablo,male,jaysonpablo@verizon.net,987 Poutatie,90230,23
172,Garrett,Counts,male,g_counts@yahoo.com,278 Säletie,90230,6
173,Jessie,Miao,male,j.miao@aol.com,691 Isoperäntie,90650,43
174,Margaret,Mckoy,female,margaretmckoy@cox.net,617 Kauppiaantie,90250,6
175,Alphonse,Hamilton,male,alphonse_hamilton@cox.net,591 Kiertotie,90220,51
176,Jerri,June,female,jerri@verizon.net,71 Pasonsuvannontie,90250,16
177,Brandie,Horton,female,brandie.horton@cox.net,277 Pielikuja,90029,65
178,Kim,Punzalan,male,k.punzalan@verizon.net,746 Korukuja,90029,38
179,Avery,Chauhan,male,avery_chauhan@gmail.com,960 Biologintie,90230,20
180,Lucia,Obrien,female,lucia.obrien@hotmail.com,259 Varppikuja,90250,42
181,Penelope,Thakkar,female,penelope_thakkar@comcast.net,542 Riisikuja,90250,31
182,Berta,Leslie,female,b_leslie@aol.com,634 Veturimutka,90230,47
183,Reba,Parker,female,rebaparker@yahoo.com,844 Geologintie,90029,26
184,Jimmy,Jacobson,male,jimmy@comcast.net,492 Laivapuuntie,90029,32
185,Bernardo,Casado,female,bernardo@msn.com,299 Sipiläntie,90220,1
186,Andrew,Bailey,female,andrewbailey@gmail.com,507 Ojakatu,90230,17
187,Darren,Williamson,male,d_williamson@hotmail.com,46 Viisarikiventie,90220,15
188,Harriet,Jones,female,h_jones@gmail.com,342 Taimitie,90029,37
189,Randolph,Richards,female,randolph@hotmail.com,938 Vedmanninpolku,90220,5
190,Joaquin,Rich,male,j_rich@comcast.net,544 Ylikyläntie,90220,58
191,Miranda,Burris,female,m_burris@gmail.com,975 Sydänmaanniityntie,90250,46
192,Mitchel,Stands,male,mstands@aol.com,483 Pöllönperäntie,90220,25
193,Rex,Keene,male,rkeene@gmail.com,361 Papinjärventie,90250,56
194,Dona,Torres,female,dtorres@gmail.com,802 Kultasirkuntie,90029,11
195,Elise,Oliveros,female,elise.oliveros@aol.com,788 Juntusenkuja,90250,45
196,German,Wilks,male,german.wilks@yahoo.com,365 Hiukanreitti,90650,3
197,Shirley,Truitt,female,shirley_truitt@yahoo.com,471 Saverikkotie,90250,17
198,Madelyn,Swaminathan,female,m.swaminathan@comcast.net,215 Ahmatie,90650,85
199,Dion,Byers,male,dion@msn.com,471 Sankoniementie,90250,53
200,Stewart,Strickland,female,s.strickland@msn.com,375 Kylätie,90230,18
201,Larry,Escutia,female,escutia@yahoo.com,394 Olasrinne,90029,31
202,Marcos,Chase,male,m.chase@yahoo.com,11 Kiviperänkuja,90230,63
203,Connie,Daniel,female,connie.daniel@aol.com,733 Katajarinteenkuja,90029,40
204,Linwood,Pedro,female,linwood_pedro@gmail.com,689 Kuivastie,90220,0
205,Imelda,Liang,female,iliang@hotmail.com,598 Nuottakuja,90029,5
206,Therese,Carlson,female,therese@hotmail.com,84 Paakarinkuja,90220,70
207,Elton,Heyward,male,eheyward@cox.net,666 Suojuoksuntie,90230,60
208,Willie,Spencer,male,w_spencer@comcast.net,555 Pihatie,90230,3
209,Davis,Simpson,female,davis_simpson@hotmail.com,334 Ratastie,90650,45
210,Winnie,Story,female,wstory@cox.net,896 Etelärinteentie,90220,45
211,Kerry,Abella,male,kerry_abella@cox.net,141 Turvakonrinne,90220,71
212,Edwin,Ross,male,e.ross@aol.com,571 Kankaankuja,90220,25
213,Lula,Mead,female,l_mead@cox.net,83 Kaartinmutka,90029,67
214,Beulah,Green,female,b.green@verizon.net,157 Tuluskuja,90029,10
215,Theron,Rivera,male,rivera@aol.com,703 Kirkkokatu,90230,38
216,Quincy,Grubbs,male,quincy@msn.com,871 Mehiläistie,90230,16
217,Nathan,Olguin,male,n_olguin@msn.com,262 Kalimenvaarantie,90220,75
218,Jonas,Guzman,male,guzman@gmail.com,836 Erkonkuja,90220,7
219,Erich,Lozano,male,e_lozano@comcast.net,179 Koivikkotie,90029,46
220,Tia,Arceo,female,t.arceo@gmail.com,545 Ratamotie,90220,76
221,Bobbie,Oneil,male,bobbie_oneil@yahoo.com,764 Kajaaninpolku,90230,18
222,Carlos,Love,male,carlos.love@cox.net,156 Jokikokontie,90650,65
223,Jeanine,Chiu,female,j.chiu@hotmail.com,103 Pesäkuja,90250,53
224,Leola,Raymond,male,lraymond@hotmail.com,441 Kruunutie,90220,15
225,Winfred,Mauricio,male,winfred@msn.com,302 Tolvasenkuja,90230,10
226,Donna,Downs,female,d_downs@msn.com,476 Salotie,90230,41
227,Lyle,Vandunk,male,l_vandunk@verizon.net,242 Kirvestie,90220,65
228,Christi,Shabazz,female,christi_shabazz@msn.com,790 Luhtitie,90230,36
229,Ollie,Cobb,female,o.cobb@msn.com,260 Ukonvaaja,90029,15
230,Alexis,Zelaya,male,a_zelaya@verizon.net,730 Koulukatu,90250,26
231,Lela,Gonzales,female,l_gonzales@comcast.net,931 Kiutunkaari,90230,73
232,Cornelia,Jose,female,cjose@msn.com,246 Rata-aukio,90250,37
233,Janis,Nieves,female,janis.nieves@comcast.net,477 Saikkosenkuja,90250,40
234,Leah,Tejada,male,tejada@comcast.net,285 Keräsenkuja,90650,0
235,Eugenio,Manygoats,male,eugenio.manygoats@yahoo.com,580 Koivulehdontie,90250,97
236,Tanya,Ali,female,t.ali@msn.com,70 Kalastajankuja,90230,52
237,Kris,Ping,male,k_ping@aol.com,918 Paakintie,90650,26
238,Earnest,Isaac,male,eisaac@hotmail.com,669 Hyppytie,90029,1
239,Lourdes,Cordova,female,cordova@gmail.com,799 Riihitie,90250,33
240,Coleman,Borrego,male,c_borrego@aol.com,356 Kouranhaantie,90250,8
241,Mary,Crews,female,mary.crews@hotmail.com,854 Mallasaitankuja,90029,25
242,Nell,Wood,male,nell_wood@verizon.net,241 Satamajärventie,90029,1
243,Jodi,Howe,female,jodihowe@msn.com,611 Peräkyläntie,90250,15
244,Alexandra,Pinto,female,alexandrapinto@verizon.net,141 Porttiväylä,90250,2
245,Jennie,Wilcox,female,jennie@cox.net,912 Runttikoskentie,90250,23
246,Cornell,Fresquez,female,cfresquez@gmail.com,808 Ammattitie,90250,35
247,Anastasia,Mcgirt,female,amcgirt@msn.com,690 Rahkasammaltie,90230,16
248,Chadwick,Gittens,male,chadwick.gittens@aol.com,394 Jääsköntie,90029,55
249,Antony,Jones,male,antony_jones@cox.net,352 Isojämsäntie,90230,37
250,Sandy,Clifton,male,sandy_clifton@aol.com,305 Koivurannantie,90650,11
251,Trent,Lovato,male,t_lovato@yahoo.com,925 Taidonkaari,90250,26
252,Rory,Coates,male,rory.coates@msn.com,640 Jalustintie,90650,46
253,Pasquale,Rutherford,male,rutherford@gmail.com,899 Höksäntie,90230,2
254,Hollie,Burciaga,female,hollie.burciaga@verizon.net,843 Kahatie,90230,90
255,Amber,Valencia,female,avalencia@verizon.net,909 Kanttarintie,90220,55
256,Aurelia,Patton,female,aurelia@msn.com,814 Riihikatu,90230,8
257,Aldo,Landry,female,a_landry@gmail.com,514 Hankikuja,90220,43
258,Roosevelt,Stiles,female,stiles@verizon.net,779 Kaislatie,90029,5
259,Terrell,Parisien,female,tparisien@comcast.net,667 Notkotie,90250,20
260,Lorenzo,Gholston,male,gholston@comcast.net,245 Harjapäänkatu,90250,1
261,Barton,Umanzor,male,bartonumanzor@msn.com,778 Vaiverotie,90650,41
262,Lonnie,Pendleton,female,lonnie.pendleton@verizon.net,314 Latvustie,90220,18
263,Jesse,Mckinley,male,jesse.mckinley@gmail.com,537 Pukkuritie,90230,30
264,Cecilia,Garcia,male,cecilia_garcia@hotmail.com,460 Kiulukankaantie,90230,46
265,Elena,Whitmore,female,elena@cox.net,173 Vepsä-Tervahaarantie,90220,50
266,Rodrigo,Morelos,male,rodrigo@cox.net,265 Hahtuvakuja,90220,21
267,Jolene,Olguin,male,joleneolguin@hotmail.com,697 Saikkosentie,90250,72
268,Fabian,Mercer,male,fmercer@yahoo.com,914 Sarkavainiontie,90029,28
269,Abel,Edward,male,a.edward@msn.com,680 Orvokintie,90029,32
270,Debbie,Mcfadden,female,debbie@gmail.com,601 Aallontie,90230,35
271,Jerry,Allred,female,jerry@hotmail.com,815 Savikkatie,90650,38
272,Gretchen,Jaime,female,g.jaime@gmail.com,238 Hartsuneidintie,90650,10
273,Sean,Foronda,male,foronda@gmail.com,137 Riippakiventie,90220,16
274,Stacey,Jordan,female,s.jordan@verizon.net,142 Paneelitie,90029,30
275,Dudley,Hopkins,male,d_hopkins@yahoo.com,487 Tiaisrinne,90250,45
276,Carrie,Weaver,female,weaver@msn.com,496 Seurankuja,90230,35
277,Alvaro,Fox,male,alvaro_fox@gmail.com,610 Kalasuolantie,90650,10
278,Gayle,Quang,female,g_quang@aol.com,157 Ruotutie,90220,11
279,Priscilla,Barrett,male,priscilla.barrett@verizon.net,194 Seljäntie,90230,75
280,Tommie,Thorne,male,thorne@cox.net,504 Siekkisentie,90250,10
281,Michel,Mahajan,male,michel_mahajan@yahoo.com,679 Ritakierros,90250,15
282,Karin,Cormier,female,kcormier@aol.com,712 Troolitie,90029,11
283,Donald,Mayers,male,donald.mayers@msn.com,50 Hiirosentie,90230,31
284,Shelly,Andrew,female,shelly_andrew@hotmail.com,375 Merikoskenkatu,90220,10
285,Myron,Twocrow,male,m.twocrow@cox.net,671 Kukkulatie,90230,53
286,Erich,Bennett,male,erich@msn.com,462 Pokettitie,90250,18
287,Terence,Myers,female,t.myers@hotmail.com,604 Riekkokuja,90029,31
288,Kenneth,Rocha,male,k.rocha@yahoo.com,485 Suonperänkuja,90650,1
289,Noreen,Cepeda,female,noreencepeda@gmail.com,131 Talvikkirinne,01260,12
290,Dalton,Bass,male,dalton_bass@comcast.net,598 Heikantie,01200,2
291,Theresa,Sethi,female,t_sethi@gmail.com,462 Kaunispolku,01380,42
292,Gerard,Luk,male,gerard_luk@yahoo.com,639 Kalkkikuja,01380,63
293,Terrie,Alejandro,male,terrie_alejandro@comcast.net,41 Villisianpolku,01260,50
294,Boyd,Naquin,female,b.naquin@comcast.net,747 Piennarkuja,01230,47
295,Andy,Holt,male,andyholt@msn.com,904 Lähdekalliontie,01380,42
296,Amparo,Polo,female,apolo@verizon.net,89 Pietaryrtintie,01200,6
297,Marva,Vela,female,marva@cox.net,975 Vantaanreitti,01230,62
298,Sheree,Whaley,female,s.whaley@hotmail.com,971 Satomäentie,00760,13
299,Marshall,Stratton,female,m.stratton@comcast.net,74 Ruusukvartsinkuja,01260,1
300,Joseph,Burns,male,j.burns@cox.net,516 Terätie,01380,41
301,Leonardo,Cochran,male,l_cochran@hotmail.com,302 Heikantie,00760,18
302,Israel,Fluker,male,fluker@hotmail.com,92 Hukantie,00760,12
303,Catherine,Maestas,female,catherine.maestas@verizon.net,275 Kaskikalliontie,01260,48
304,Ezra,Schaeffer,male,ezra_schaeffer@yahoo.com,753 Kannikkokuja,00760,15
305,Coleen,Newell,female,coleennewell@yahoo.com,892 Pakkaskuja,01200,25
306,Elma,Jordan,male,e.jordan@aol.com,169 Lähdekalliontie,01380,25
307,Ron,Simons,male,ron@msn.com,444 Kaakkoisväylä,01200,8
308,Lemuel,Tsoi,male,lemuel.tsoi@gmail.com,22 Rasinrinne,01200,57
309,Jaime,Wolfe,female,jaime.wolfe@gmail.com,418 Nuottakuja,01380,71
310,Johnie,Allen,male,jallen@cox.net,295 Ritaripolku,01200,20
311,Cindy,Holman,female,cindyholman@comcast.net,766 Ruukkukuja,01380,73
312,Gavin,Durham,male,gdurham@aol.com,770 Albert Petreliuksen katu,01200,47
313,Latisha,Newman,female,latishanewman@gmail.com,924 Sääskitie,01200,21
314,Hester,Kirk,male,hester@verizon.net,551 Pihasaunionkuja,01380,31
315,Dale,Yamane,male,dyamane@verizon.net,343 Saukkorinne,01380,41
316,Caitlin,Reynolds,female,c_reynolds@msn.com,995 Pirttirannantie,01200,42
317,Rodger,Bruner,male,r.bruner@gmail.com,357 Ruuvikuja,01260,51
318,Pete,Alberto,male,alberto@yahoo.com,156 Pähkinänsärkijä,00760,28
319,Shelby,Hart,male,shelby@comcast.net,925 Kirvatie,01230,52
320,Rosie,Valdes,female,rosie@verizon.net,89 Siilireitti,01230,1
321,Ivory,Muhammad,male,ivory_muhammad@verizon.net,102 Raappavuorentie,00760,61
322,Lloyd,Currie,male,lcurrie@hotmail.com,853 Mistelipolku,01230,47
323,Kari,Jumbo,female,kari.jumbo@gmail.com,965 Ajoportti,01260,5
324,Thomas,Merculief,female,t.merculief@cox.net,779 Loiskekuja,01260,21
325,Alana,Walsh,male,alana@yahoo.com,221 Voikukantie,01260,1
326,Sebastian,Gillis,female,s.gillis@verizon.net,107 Merkkikuja,00760,13
327,Jacques,Snyder,male,j.snyder@hotmail.com,784 Timanttikuja,01230,50
328,Herminia,Colunga,female,herminia.colunga@msn.com,415 Valtimotie,01380,23
329,Arturo,Cheek,male,arturo@gmail.com,50 Neilikkatie,01380,61
330,Christopher,Gallagher,male,c.gallagher@comcast.net,356 Riippakoivunkuja,01200,8
331,Irwin,Yo,male,irwin_yo@gmail.com,303 Reinontie,01380,6
332,Gerald,Esquibel,female,gerald@aol.com,722 Vartiotie,01380,30
333,Ronda,Abram,male,ronda.abram@hotmail.com,603 Kivikkotie,01200,50
334,Ilene,Ichikawa,female,ilene@aol.com,838 Saarnitie,01260,12
335,Kayla,Arif,female,kayla_arif@cox.net,584 Tervakkopolku,01200,25
336,Blaine,Nichols,male,nichols@yahoo.com,43 Kuhatie,01230,3
337,Randal,Oconnell,female,randal_oconnell@comcast.net,819 Vaskipellontie,01380,45
338,Carmen,No,female,carmenno@cox.net,808 Illenpiha,01260,55
339,Jo,Abalos,female,joabalos@cox.net,119 Tainantie,01230,32
340,Donnell,Panganiban,male,d.panganiban@hotmail.com,555 Täysikuuntie,01230,23
341,Emilio,Bao,male,emilio.bao@gmail.com,288 Metsolanrinne,01230,20
342,Kristin,Dubois,male,dubois@gmail.com,951 Pyhtäänpolku,01380,50
343,Miles,Townes,male,townes@yahoo.com,143 Luutnantintie,01380,48
344,Debora,Taveras,female,d.taveras@verizon.net,928 Tainantie,01380,21
345,Glenn,Warfield,male,glenn@msn.com,3 Taimenkuja,01260,31
346,Josue,Costa,male,j.costa@hotmail.com,908 Joukontie,01200,51
347,Chance,Benedict,male,chance@cox.net,120 Erikaksenpolku,01200,26
348,Tasha,Holloway,female,t.holloway@yahoo.com,786 Uusitie,01380,63
349,Mavis,Wauneka,male,mavis@verizon.net,85 Kiiltomadonrinne,01260,11
350,Ernesto,Perkins,male,e_perkins@msn.com,614 Itä-Hakkilan tie,00760,16
351,Santos,Negron,female,santos.negron@gmail.com,144 Siirakuja,01230,45
352,Derick,Condon,male,d.condon@hotmail.com,6 Rajatie,01230,37
353,Salvatore,Delgadillo,male,delgadillo@hotmail.com,496 Leikkitie,01230,7
354,Barney,Hawkins,male,barney.hawkins@comcast.net,267 Mottipolku,01380,40
355,Neva,Stark,female,n.stark@yahoo.com,190 Simontie,01230,48
356,Edwardo,Grajeda,female,edwardograjeda@aol.com,108 Perkiöntie,00760,28
357,Sydney,Qazi,male,qazi@gmail.com,211 Kuninkaanmäentie,01200,55
358,Megan,Pai,female,m_pai@msn.com,97 Kisatie,01200,43
359,Cleo,Kao,male,cleokao@msn.com,136 Jasmiinipolku,01230,3
360,Dominique,Stjohn,female,d_stjohn@comcast.net,811 Kärppäpolku,01380,62
361,Jim,Jou,female,j_jou@gmail.com,522 Juhlatie,01380,5
362,Allan,Shine,male,allan.shine@cox.net,413 Pukkivuorentie,01380,51
363,Lidia,Stanford,female,lidiastanford@comcast.net,48 Telkkätie,00760,21
364,Steven,Jenkins,male,stevenjenkins@verizon.net,231 Herttuantie,00760,53
365,Kate,Zhen,female,kate@aol.com,813 Lyhtykuja,01230,37
366,Lena,York,female,lena.york@cox.net,556 Lemmikkitie,01230,11
367,Casey,Galeana,female,casey@gmail.com,422 Raappavuorenkuja,01380,21
368,Normand,Franklin,female,nfranklin@comcast.net,865 Lustikullantie,01380,28
369,Carmen,Brewster,male,c_brewster@yahoo.com,738 Siltaniitynkuja,01260,41
370,Paulette,Brandt,female,paulettebrandt@verizon.net,613 Merkkikuja,00760,1
371,Nolan,Hamilton,male,n.hamilton@gmail.com,81 Tuijantie,01230,22
372,Judith,Villegas,male,jvillegas@cox.net,549 Mattaksenkuja,00760,30
373,Dominique,Cook,male,cook@cox.net,42 Maisematie,01260,11
374,Leland,Paredes,male,l_paredes@aol.com,504 Kalkkitie,01260,42
375,Charley,Martell,male,charley.martell@yahoo.com,91 Kellarikuja,00760,78
376,Pansy,Emerson,female,p_emerson@hotmail.com,664 Ilponkuja,01230,28
377,Grant,Kruse,male,grant@aol.com,145 Koivikkotie,01260,5
378,Jocelyn,Cantu,female,jcantu@aol.com,981 Kimaratie,01380,40
379,Angelo,Browning,male,a.browning@hotmail.com,681 Peltotie,01260,16
380,Noe,Clinton,male,noeclinton@comcast.net,533 Siltaniitynkuja,01230,18
381,Anderson,Castro,male,anderson.castro@gmail.com,263 Perhotie,01260,21
382,Tammi,Kisto,female,tammi_kisto@yahoo.com,579 Estetie,01380,55
383,Edith,Reilly,female,edithreilly@hotmail.com,353 Kiirunatie,00760,73
384,Alphonso,Ogawa,male,a.ogawa@aol.com,121 Rantakukantie,01380,13
385,Jimmie,Hutson,female,hutson@msn.com,902 Vartiokuja,00760,47
386,Wilmer,Woods,female,wilmerwoods@msn.com,748 Kuusistontie,01260,10
387,Rene,Hussain,male,rene_hussain@gmail.com,868 Rauhalantie,01380,11
388,Micheal,Fixico,male,fixico@msn.com,201 Tammimäentie,01380,52
389,Leonor,Curiel,female,leonorcuriel@msn.com,276 Kyläraitti,00760,51
390,Joyce,Fujiwara,male,joyce.fujiwara@gmail.com,538 Matarinkuja,01380,52
391,Saundra,Conn,male,conn@msn.com,928 Koskikarankuja,01260,51
392,Lola,Pierson,female,lola.pierson@gmail.com,721 Helenankuja,01380,33
393,Raymundo,Ortega,male,r_ortega@comcast.net,828 Lyyrankuja,00760,36
394,Antoinette,Luo,female,antoinetteluo@aol.com,944 Saturnuksenkuja,01230,38
395,Alice,Vaughan,female,avaughan@yahoo.com,30 Kylväjänkuja,01260,48
396,Tonya,Mcarthur,female,tonya@comcast.net,681 Sinikantie,01200,51
397,Reggie,Banks,male,reggie.banks@msn.com,963 Laavatie,01260,62
398,Elva,Ash,female,e.ash@yahoo.com,473 Kuohukuja,01200,70
399,Cedric,Dunson,female,c_dunson@hotmail.com,751 Pyörätie,01380,0
400,Fanny,Morgan,female,fanny_morgan@comcast.net,171 Kenraalinkuja,01230,35
401,Stuart,Olney,female,s_olney@cox.net,615 Reunarinne,01200,65
402,Karina,Pho,female,karina_pho@cox.net,813 Ojahaantie,00760,27
403,Shawn,Viswanathan,male,sviswanathan@yahoo.com,472 Ailakkitie,01380,66
404,Morgan,Aguirre,male,aguirre@msn.com,804 Fasaanirinne,01200,57
405,Tom,Rooney,male,tom_rooney@comcast.net,992 Vanamonkuja,01380,47
406,Sadie,Foster,female,sadie_foster@hotmail.com,756 Josvaholmantie,01380,16
407,Casandra,Atcitty,female,casandraatcitty@msn.com,687 Luolapolku,01230,35
408,Avery,Lupe,male,avery@gmail.com,300 Keijontie,01260,5
409,Pat,Jiron,female,jiron@cox.net,433 Ilvestie,01260,13
410,Young,Redmond,female,y_redmond@msn.com,192 Laajavuorenkuja,01230,27
411,Mari,Gifford,female,gifford@gmail.com,998 Punalatvantie,00760,31
412,Ernest,Alexander,male,ealexander@hotmail.com,294 Veturitie,01230,3
413,Darnell,Colorado,female,darnell_colorado@aol.com,231 Rantakuja,01200,12
414,Aisha,Henderson,female,ahenderson@aol.com,168 Liusketie,00760,30
415,Gilbert,Givens,female,g.givens@comcast.net,331 Helvintie,01200,50
416,Frankie,Umana,female,f_umana@gmail.com,186 Hellevinpolku,00760,6
417,Emory,Roth,female,e_roth@aol.com,256 Viklokuja,01200,13
418,Gabriel,Cheek,female,g.cheek@cox.net,748 Rauduskoivunkuja,01200,12
419,Leon,Copeland,female,l.copeland@msn.com,15 Kukkarokuja,00760,21
420,Sharon,Oneal,female,sharononeal@msn.com,816 Korvenkatu,33300,8
421,Carolina,Brent,female,carolina@gmail.com,790 Korvenkatu,33300,13
422,Bridgette,Sun,male,bridgette_sun@aol.com,874 Vehkakuja,33580,3
423,Donny,Hartman,male,dhartman@hotmail.com,278 Viivinkatu,33610,52
424,Cherie,Mcwilliams,female,cherie.mcwilliams@comcast.net,983 Korvenkatu,33300,13
425,Laverne,Hassan,male,lhassan@comcast.net,527 Korvenkatu,33300,5
426,Giovanni,Gallegos,male,ggallegos@aol.com,953 Korvenkatu,33300,53
427,Branden,Roldan,male,branden@gmail.com,11 Korvenkatu,33300,33
428,Patrice,Tahir,female,patrice_tahir@aol.com,249 Vehkakuja,33580,27
429,Thaddeus,Tamanaha,male,thaddeus@msn.com,823 Korvenkatu,33300,56
430,Maribel,Pina,female,maribel_pina@comcast.net,381 Korvenkatu,33300,6
431,Gail,Bonifacio,male,g.bonifacio@comcast.net,871 Korvenkatu,33300,32
432,Brain,Shelley,male,brainshelley@verizon.net,682 Korvenkatu,33300,6
433,Natalie,Schumacher,female,natalie_schumacher@cox.net,392 Korvenkatu,33300,41
434,Devon,Salt,male,dsalt@yahoo.com,803 Korvenkatu,33300,63
435,Felicia,Dixon,female,f_dixon@yahoo.com,290 Korvenkatu,33300,3
436,Joann,Aldrich,male,joann@gmail.com,522 Korvenkatu,33300,30
437,Mary,Christie,male,christie@gmail.com,264 Vehkakuja,33580,0
438,Angie,Cantrell,female,angiecantrell@hotmail.com,138 Vehkakuja,33580,30
439,Patti,Wiley,male,patti@hotmail.com,680 Korvenkatu,33300,46
440,Garth,Tyus,male,garthtyus@cox.net,336 Korvenkatu,33300,0
441,Juan,Pace,male,juan_pace@gmail.com,489 Korvenkatu,33300,11
442,Charley,Manalo,female,charley_manalo@verizon.net,433 Vehkakatu,33580,56
443,Alejandro,Brock,male,brock@gmail.com,747 Vehkakuja,33580,5
444,Jonas,Gaeta,female,gaeta@hotmail.com,588 Viivinkatu,33610,35
445,Abe,Mitchell,female,abe_mitchell@yahoo.com,684 Korvenkatu,33300,31
446,Bertha,Mcgee,male,bertha@hotmail.com,439 Korvenkatu,33300,56
447,Giovanni,Samayoa,female,gsamayoa@yahoo.com,682 Korvenkatu,33300,32
448,Dolores,Chanthavong,female,chanthavong@hotmail.com,251 Korvenkatu,33300,58
449,Scottie,Kuang,male,skuang@hotmail.com,966 Vehkakatu,33580,62
450,James,Travis,female,james_travis@hotmail.com,341 Korvenkatu,33300,21
451,Deirdre,Ballesteros,male,d.ballesteros@yahoo.com,649 Korvenkatu,33300,31
452,Joan,Mccormick,female,joan_mccormick@yahoo.com,546 Korvenkatu,33300,42
453,Marian,Celaya,female,m.celaya@comcast.net,362 Korvenkatu,33300,27
454,Vickie,Bedoni,female,v_bedoni@msn.com,418 Korvenkatu,33300,66
455,Tyrone,Beamon,female,t_beamon@msn.com,788 Korvenkatu,33300,70
456,Leslie,Kurihara,male,leslie.kurihara@gmail.com,320 Vehkakatu,33580,5
457,Irving,Chacon,male,irvingchacon@hotmail.com,789 Korvenkatu,33300,18
458,Diana,Mcdade,female,diana_mcdade@comcast.net,383 Korvenkatu,33300,6
459,Lorie,Dalal,female,dalal@aol.com,854 Viivinkatu,33610,6
460,Elvira,Strange,female,e_strange@cox.net,367 Korvenkatu,33300,26
461,Merlin,Hearn,male,merlinhearn@comcast.net,301 Viivinkatu,33610,42
462,Conrad,Perez,male,c.perez@yahoo.com,541 Korvenkatu,33300,60
463,Earnestine,Foster,female,efoster@msn.com,728 Vehkakuja,33580,22
464,Arline,Samson,female,arline@aol.com,242 Korvenkatu,33300,25
465,Bernice,Roxas,female,broxas@yahoo.com,797 Korvenkatu,33300,31
466,Otis,Augustine,male,otis@cox.net,975 Korvenkatu,33300,32
467,Kyle,Wright,male,kwright@verizon.net,455 Korvenkatu,33300,8
468,Issac,Layne,male,issac@msn.com,496 Korvenkatu,33300,13
469,Tania,Steed,female,t.steed@msn.com,796 Korvenkatu,33300,0
470,Joanne,Blanton,female,joanne@hotmail.com,45 Korvenkatu,33300,6
471,Lynnette,Dyer,female,l_dyer@msn.com,282 Korvenkatu,33300,0
472,Carole,Butt,female,carolebutt@comcast.net,807 Korvenkatu,33300,20
473,Elba,Nakahara,male,elba.nakahara@msn.com,709 Korvenkatu,33300,18
474,Sheryl,Osborne,female,sherylosborne@hotmail.com,64 Korvenkatu,33300,61
475,Lizzie,Arakaki,female,lizzie.arakaki@aol.com,813 Korvenkatu,33300,33
476,Adolph,Hayden,male,adolphhayden@cox.net,728 Viivinkatu,33610,52
477,Kathleen,Farmer,female,kathleen_farmer@aol.com,344 Vehkakuja,33580,10
478,Elbert,Tharp,male,elbert_tharp@hotmail.com,924 Korvenkatu,33300,68
479,Jenifer,Fish,female,jenifer.fish@cox.net,855 Korvenkatu,33300,16
480,Yolanda,Miranda,female,yolandamiranda@cox.net,652 Korvenkatu,33300,1
481,Alan,Canales,male,canales@verizon.net,671 Korvenkatu,33300,31
482,Joanna,Harman,female,j.harman@aol.com,972 Viivinkatu,33610,32
483,Meredith,Brar,female,meredith_brar@hotmail.com,596 Vehkakatu,33580,8
484,Geneva,Bahena,female,gbahena@aol.com,787 Korvenkatu,33300,55
485,Tanisha,Ziegler,male,tanisha_ziegler@verizon.net,170 Korvenkatu,33300,26
486,Mildred,Hutchins,female,mildredhutchins@hotmail.com,152 Korvenkatu,33300,20
487,Abdul,Aponte,female,abdul.aponte@yahoo.com,38 Korvenkatu,33300,36
488,Earle,Mccain,male,e_mccain@verizon.net,332 Korvenkatu,33300,26
489,Winfred,Rajagopalan,male,winfredrajagopalan@yahoo.com,897 Vehkakatu,33580,5
490,Wallace,Rainey,female,w_rainey@verizon.net,75 Korvenkatu,33300,5
491,Maryellen,Weston,female,maryellen.weston@gmail.com,431 Korvenkatu,33300,13
492,Frank,Rice,female,rice@comcast.net,890 Vehkakuja,33580,51
493,Reginald,Adames,male,reginald@gmail.com,307 Korvenkatu,33300,27
494,Clifton,Abril,male,clifton_abril@aol.com,957 Vehkakuja,33580,28
495,Wilda,Gabriel,female,w.gabriel@verizon.net,355 Korvenkatu,33300,41
496,Vanessa,Hamby,female,v_hamby@verizon.net,971 Korvenkatu,33300,35
497,Traci,Jose,female,t_jose@gmail.com,932 Vehkakuja,33580,11
498,Nikki,Gudino,female,ngudino@yahoo.com,850 Viivinkatu,33610,20
499,Lillie,Sweat,female,lillie.sweat@verizon.net,276 Korvenkatu,33300,30
500,Ali,Cueto,male,a.cueto@gmail.com,361 Korvenkatu,33300,16
501,Eloy,Matias,male,eloymatias@gmail.com,948 Korvenkatu,33300,38
502,Virginia,Mckinney,female,mckinney@comcast.net,343 Korvenkatu,33300,21
503,Fred,Sharif,male,fsharif@yahoo.com,500 Korvenkatu,33300,1
504,Carmelo,Angel,male,cangel@comcast.net,790 Vehkakatu,33580,77
505,Joshua,Kahn,male,joshua.kahn@cox.net,232 Korvenkatu,33300,18
506,Scotty,Mack,male,smack@comcast.net,180 Vehkakatu,33580,73
507,Jan,Camacho,female,jan@verizon.net,287 Korvenkatu,33300,16
508,Darwin,Valera,male,darwin_valera@msn.com,180 Vehkakatu,33580,77
509,Jasmine,Newsome,female,newsome@aol.com,883 Korvenkatu,33300,58
510,Trudy,Jernigan,female,t_jernigan@verizon.net,672 Korvenkatu,33300,22
511,Erwin,Newman,female,erwin.newman@aol.com,410 Vehkakatu,33580,7
512,Deena,Hinton,male,deenahinton@gmail.com,738 Korvenkatu,33300,76
513,Derick,Milian,female,dmilian@comcast.net,817 Vehkakatu,33580,16
514,Bethany,Nicholas,male,bethany_nicholas@yahoo.com,782 Vehkakuja,33580,42
515,Robbie,Head,female,robbiehead@aol.com,698 Korvenkatu,33300,33
516,Russell,Nichols,male,russellnichols@verizon.net,706 Korvenkatu,33300,16
517,Damien,Mesteth,male,damien.mesteth@yahoo.com,905 Korvenkatu,33300,2
518,Osvaldo,Zhu,female,o_zhu@aol.com,817 Korvenkatu,33300,11
519,Isabella,Wu,male,wu@hotmail.com,13 Korvenkatu,33300,11
520,Bennett,Hale,male,bhale@gmail.com,271 Korvenkatu,33300,88
521,Ian,Brock,male,brock@hotmail.com,771 Korvenkatu,33300,57
522,Ezra,Jackson,male,ezra@comcast.net,783 Korvenkatu,33300,25
523,Bridget,Sood,female,b.sood@verizon.net,883 Viivinkatu,33610,67
524,Major,Stuckey,male,m_stuckey@verizon.net,590 Korvenkatu,33300,27
525,Dallas,Takeuchi,male,dallastakeuchi@gmail.com,729 Vehkakuja,33580,45
526,Taylor,Lopes,female,tlopes@msn.com,154 Vehkakatu,33580,11
527,Chrystal,Oliver,female,coliver@yahoo.com,745 Korvenkatu,33300,41
528,Wilfred,Conrad,male,w.conrad@verizon.net,745 Korvenkatu,33300,31
529,Rita,Kawano,female,r.kawano@aol.com,480 Vehkakatu,33580,30
530,Kieth,Deleon,male,k_deleon@msn.com,24 Vehkakuja,33580,43
531,Roseann,Gordillo,female,roseanngordillo@aol.com,768 Viivinkatu,33610,43
532,Shelia,Boyd,female,s_boyd@gmail.com,599 Korvenkatu,33300,12
533,Bryce,Muse,male,bryce@hotmail.com,427 Vehkakatu,33580,51
534,Lilian,Whittington,female,l_whittington@msn.com,625 Vehkakatu,33580,21
535,Donnell,Sheu,male,donnell@aol.com,883 Korvenkatu,33300,0
536,Della,Tibbetts,female,tibbetts@aol.com,411 Korvenkatu,33300,16
537,Roy,Deo,male,roy_deo@gmail.com,279 Vehkakatu,33580,6
538,Reuben,Tanaka,male,r.tanaka@gmail.com,461 Korvenkatu,33300,68
539,Florence,Ruiz,female,florence@aol.com,943 Korvenkatu,33300,21
540,Candy,Som,male,candysom@cox.net,62 Korvenkatu,33300,27
541,Hung,Phipps,male,hungphipps@comcast.net,422 Korvenkatu,33300,40
542,Thurman,Doyle,female,thurman.doyle@gmail.com,890 Korvenkatu,33300,6
543,Camille,Givens,female,givens@gmail.com,291 Korvenkatu,33300,46
544,Hugo,Landers,male,landers@gmail.com,785 Korvenkatu,33300,45
545,Kennith,Gay,male,kennithgay@msn.com,398 Korvenkatu,33300,0
546,Vaughn,Aguilar,male,vaughn.aguilar@msn.com,857 Korvenkatu,33300,27
547,Jared,Cedillo,male,jcedillo@gmail.com,615 Korvenkatu,33300,76
548,Tammy,Daly,female,t.daly@cox.net,854 Korvenkatu,33300,2
549,Jonathon,Nakanishi,female,jnakanishi@verizon.net,567 Korvenkatu,33300,21
550,Lane,Beasley,male,lanebeasley@cox.net,965 Vehkakatu,33580,16
551,Bernie,Briceno,male,briceno@cox.net,847 Korvenkatu,33300,23
552,Herschel,Alba,male,h.alba@comcast.net,201 Vehkakatu,33580,0
553,Shauna,Carrasco,female,shauna.carrasco@msn.com,204 Korvenkatu,33300,56
554,Lazaro,Bruce,female,lbruce@comcast.net,243 Korvenkatu,33300,57
555,Basil,Gonzalez,male,basil_gonzalez@msn.com,402 Korvenkatu,33300,18
556,Jesus,Ellis,male,j.ellis@cox.net,476 Korvenkatu,33300,32
557,Amalia,Barron,male,a_barron@yahoo.com,126 Korvenkatu,33300,1
558,Houston,Toledo,male,houston.toledo@aol.com,128 Vehkakatu,33580,25
559,Lesley,Luther,female,l.luther@hotmail.com,91 Huutlahdentie,54460,21
560,Wilfredo,Duque,male,wilfredo.duque@comcast.net,947 Huutlahdentie,54460,61
561,Bryon,Tenorio,female,bryon.tenorio@comcast.net,796 Huutlahdentie,54460,21
562,Lolita,Palmer,female,lolitapalmer@gmail.com,551 Huutlahdentie,54460,17
563,Felix,Alfaro,male,felix.alfaro@gmail.com,350 Huutlahdentie,54460,48
564,Alden,Grant,female,alden@yahoo.com,279 Huutlahdentie,54460,61
565,Osvaldo,Finney,male,osvaldo.finney@verizon.net,978 Huutlahdentie,54460,10
566,Marci,Obregon,female,mobregon@comcast.net,358 Huutlahdentie,54460,28
567,Sabrina,Bates,female,sabrinabates@hotmail.com,338 Huutlahdentie,54460,56
568,Vicente,Polk,female,v_polk@verizon.net,81 Huutlahdentie,54460,25
569,Monty,Maeda,male,m.maeda@gmail.com,618 Huutlahdentie,54460,21
570,Fabian,Jacome,male,fabian.jacome@cox.net,343 Huutlahdentie,54460,35
571,Octavio,Mays,male,octavio@cox.net,821 Huutlahdentie,54460,15
572,Cesar,Hammond,female,hammond@msn.com,520 Huutlahdentie,54460,11
573,Junior,Gishie,male,j_gishie@hotmail.com,584 Huutlahdentie,54460,15
574,Justine,Perez,female,justineperez@hotmail.com,960 Huutlahdentie,54460,21
575,Bertie,Cordova,male,cordova@verizon.net,642 Huutlahdentie,54460,73
576,Cheri,Culver,female,c.culver@verizon.net,320 Huutlahdentie,54460,23
577,Carmelo,Bob,male,carmelo@verizon.net,549 Huutlahdentie,54460,22
578,Marcelino,Dickson,male,marcelinodickson@cox.net,440 Huutlahdentie,54460,55
579,Kristine,Mong,female,kristinemong@aol.com,616 Huutlahdentie,54460,82
580,Loraine,Hale,female,hale@verizon.net,768 Huutlahdentie,54460,33
581,Ariel,Pollock,male,pollock@verizon.net,632 Huutlahdentie,54460,33
582,Adela,Pun,female,a.pun@verizon.net,229 Huutlahdentie,54460,56
583,Ray,Tellez,male,ray.tellez@comcast.net,300 Huutlahdentie,54460,67
584,Raymundo,Horse,female,r.horse@hotmail.com,586 Huutlahdentie,54460,26
585,Liz,Burr,female,lizburr@hotmail.com,387 Huutlahdentie,54460,13
586,Ariel,Yamashiro,female,ariel_yamashiro@msn.com,756 Huutlahdentie,54460,47
587,Lionel,Seo,male,lionel.seo@msn.com,224 Huutlahdentie,54460,40
588,Bessie,Gonzalez,male,gonzalez@gmail.com,564 Huutlahdentie,54460,42
589,Son,Matamoros,male,son.matamoros@comcast.net,789 Huutlahdentie,54460,11
590,Audra,Jarrell,female,a.jarrell@verizon.net,325 Huutlahdentie,54460,67
591,Tamara,Vereen,female,tvereen@msn.com,855 Huutlahdentie,54460,45
592,Elias,Marino,male,marino@aol.com,105 Huutlahdentie,54460,7
593,Shari,Warrior,female,shari_warrior@verizon.net,203 Huutlahdentie,54460,20
594,Quincy,Rivera,female,rivera@gmail.com,627 Huutlahdentie,54460,20
595,Jarrett,Handy,male,handy@verizon.net,974 Huutlahdentie,54460,77
596,Edna,Vi,female,vi@verizon.net,381 Huutlahdentie,54460,22
597,Parker,Jackson,male,jackson@verizon.net,236 Huutlahdentie,54460,28
598,Ahmad,Guthrie,male,a_guthrie@hotmail.com,958 Huutlahdentie,54460,26
599,Brock,Davis,female,b_davis@cox.net,806 Huutlahdentie,54460,62
600,Autumn,Venkatesh,male,a_venkatesh@hotmail.com,846 Huutlahdentie,54460,3
601,Randi,Morrow,female,r.morrow@yahoo.com,172 Huutlahdentie,54460,63
602,Merle,Guevarra,female,m.guevarra@aol.com,941 Huutlahdentie,54460,25
603,Teddy,Carnes,male,carnes@verizon.net,375 Huutlahdentie,54460,30
604,Lorraine,Kirkpatrick,female,lkirkpatrick@yahoo.com,298 Hopeatie,00440,2
605,Nicholas,Marshall,male,nicholas.marshall@msn.com,112 Museokatu,00100,21
606,Coleman,Ro,female,cro@hotmail.com,665 Aurorankatu,00100,66
607,Darryl,Joyner,male,joyner@aol.com,319 Apollonkatu,00100,13
608,Bennett,Morris,male,bmorris@msn.com,291 Sofianlehdonkatu,00610,67
609,Logan,Ventura,male,logan_ventura@verizon.net,984 Vänrikki Stoolin katu,00100,52
610,Bobbie,Claymore,female,bclaymore@comcast.net,719 Museokatu,00100,80
611,Bonita,Gunderson,male,b.gunderson@aol.com,233 Museokatu,00100,6
612,Shelby,Xi,male,s_xi@aol.com,28 Sofianlehdonkatu,00610,47
613,Rocco,Hur,male,roccohur@cox.net,994 Apollonkatu,00100,16
614,Reid,Delgado,male,rdelgado@comcast.net,500 Fredrikinkatu,00100,51
615,Cyril,Kimura,male,c_kimura@msn.com,251 Lutherinkatu,00100,31
616,Gwen,Wooten,male,gwen_wooten@gmail.com,105 Museokatu,00100,1
617,Tracey,Larios,female,t_larios@msn.com,638 Tunturikatu,00100,31
618,Ferdinand,Beas,male,ferdinand_beas@msn.com,450 Fredrikinkatu,00100,51
619,Jarrod,Monarrez,male,monarrez@gmail.com,431 Oksasenkatu,00100,60
620,Myles,Elizondo,male,elizondo@msn.com,241 Ilmarinkatu,00100,26
621,Susana,Marrero,male,marrero@hotmail.com,334 Sofianlehdonkatu,00610,76
622,Lynda,Leslie,female,lynda@yahoo.com,542 Oksasenkatu,00100,7
623,Ivory,Milan,male,imilan@verizon.net,879 Museokatu,00100,11
624,Madeline,Dhillon,female,madeline_dhillon@aol.com,450 Fredrikinkatu,00100,15
625,Sonny,Shultz,male,sonny_shultz@aol.com,448 Niitynperäntie,00440,41
626,Janelle,Pelletier,female,janelle_pelletier@msn.com,660 Apollonkatu,00100,36
627,Lucile,Jeter,male,ljeter@hotmail.com,738 Vänrikki Stoolin katu,00100,37
628,Booker,Kingfisher,male,booker@aol.com,67 Aurorankatu,00100,15
629,Tammie,Haider,male,tammie@hotmail.com,649 Museokatu,00100,32
630,Elmer,Ouyang,male,e_ouyang@yahoo.com,331 Museokatu,00100,38
631,Deborah,Lloyd,male,dlloyd@cox.net,349 Fredrikinkatu,00100,45
632,Robert,Dorantes,male,robert.dorantes@comcast.net,198 Cygnaeuksenkatu,00100,5
633,Daisy,Busch,female,daisy.busch@comcast.net,617 Vänrikki Stoolin katu,00100,5
634,James,Mcduffie,male,j_mcduffie@hotmail.com,512 Cygnaeuksenkatu,00100,21
635,Mai,Downey,female,maidowney@msn.com,275 Apollonkatu,00100,30
636,Roderick,Tolentino,male,roderick_tolentino@yahoo.com,134 Laurinniityntie,00440,41
637,Jerome,Zertuche,male,jerome.zertuche@cox.net,918 Laurinniityntie,00440,8
638,Hector,Rock,male,h_rock@hotmail.com,971 Apollonkatu,00100,25
639,Millicent,Krause,male,krause@cox.net,65 Töölönkatu,00100,32
640,Maude,Argueta,female,maude.argueta@hotmail.com,801 Oksasenkatu,00100,48
641,Rocco,Alfonso,male,r_alfonso@hotmail.com,169 Oksasenkatu,00100,52
642,Galen,Lal,female,g.lal@msn.com,926 Oksasenkatu,00100,56
643,Helena,Dhar,male,h.dhar@yahoo.com,66 Cygnaeuksenkatu,00100,3
644,Margo,Bryant,female,mbryant@aol.com,774 Ilmarinkatu,00100,60
645,Sybil,Correa,female,correa@aol.com,889 Vänrikki Stoolin katu,00100,3
646,Verna,Sorensen,female,v.sorensen@msn.com,231 Sofianlehdonkatu,00610,35
647,Aron,Robertson,male,arobertson@cox.net,908 Ilmarinkatu,00100,21
648,Vilma,Kaul,female,kaul@cox.net,298 Oksasenkatu,00100,36
649,Cliff,Chandler,female,cliff@comcast.net,393 Sofianlehdonkatu,00610,42
650,Deanna,Bradley,female,d_bradley@verizon.net,510 Sofianlehdonkatu,00610,41
651,Drew,Chakraborty,male,dchakraborty@comcast.net,388 Sofianlehdonkatu,00610,28
652,Leopoldo,Gongora,male,l_gongora@hotmail.com,832 Apollonkatu,00100,1
653,Dixie,Lunsford,female,lunsford@comcast.net,698 Töölönkatu,00100,63
654,Malinda,Angulo,female,mangulo@msn.com,833 Museokatu,00100,28
655,Beau,Hankerson,male,hankerson@yahoo.com,668 Vänrikki Stoolin katu,00100,36
656,Olive,Leblanc,male,oliveleblanc@verizon.net,755 Museokatu,00100,6
657,Aurora,Tu,female,auroratu@comcast.net,179 Vänrikki Stoolin katu,00100,31
658,Bruno,Loh,female,bloh@gmail.com,640 Sofianlehdonkatu,00610,83
659,Marianne,Hughes,female,m_hughes@yahoo.com,135 Tunturikatu,00100,31
660,Landon,Cross,male,l_cross@cox.net,214 Töölönkatu,00100,6
661,Bobbie,Sanchez,female,b_sanchez@msn.com,957 Kuparitie,00440,36
662,Ruby,Luckett,female,rubyluckett@aol.com,936 Vaakakuja,00440,10
663,Ollie,Reynolds,male,olliereynolds@comcast.net,797 Museokatu,00100,32
664,Luke,Goff,male,lukegoff@aol.com,294 Oksasenkatu,00100,6
665,Eddie,Everett,male,everett@aol.com,918 Oksasenkatu,00100,23
666,Harrison,Gunter,female,hgunter@hotmail.com,908 Museokatu,00100,10
667,Eugenia,Tailor,male,e.tailor@verizon.net,287 Apollonkatu,00100,46
668,Floyd,Barr,male,f_barr@gmail.com,230 Fredrikinkatu,00100,2
669,Domingo,Velasquez,male,dvelasquez@aol.com,836 Museokatu,00100,5
670,Jonathan,Bowser,male,j_bowser@hotmail.com,251 Oksasenkatu,00100,83
671,Tracie,Cato,female,tcato@cox.net,755 Vänrikki Stoolin katu,00100,47
672,Allison,Borrero,female,a.borrero@msn.com,371 Hopeatie,00440,28
673,Lina,Ware,female,lina@aol.com,363 Museokatu,00100,55
674,Dawn,Langford,male,dawn_langford@cox.net,977 Sofianlehdonkatu,00610,53
675,Ivan,Townsend,male,ivan.townsend@gmail.com,975 Oksasenkatu,00100,10
676,Celia,Atkinson,male,c.atkinson@cox.net,145 Oksasenkatu,00100,12
677,Guy,Luke,male,guy.luke@gmail.com,560 Museokatu,00100,35
678,Emma,Sullivan,female,emma.sullivan@cox.net,857 Sofianlehdonkatu,00610,57
679,Bernard,Yzaguirre,male,bernard_yzaguirre@hotmail.com,210 Lapuankatu,00100,35
680,Bridgett,Twobulls,female,btwobulls@hotmail.com,216 Vaakakuja,00440,41
681,Delia,Alejandro,male,d_alejandro@aol.com,104 Cygnaeuksenkatu,00100,42
682,Jefferson,Gipson,male,j.gipson@verizon.net,427 Apollonkatu,00100,20
683,Charity,Buitrago,female,c.buitrago@comcast.net,632 Ilmarinkatu,00100,3
684,Gale,Barboza,male,gale.barboza@yahoo.com,221 Lapuankatu,00100,32
685,Leopoldo,Willis,male,leopoldo_willis@verizon.net,85 Apollonkatu,00100,38
686,Melody,Provencio,male,melody_provencio@hotmail.com,106 Museokatu,00100,32
687,Alva,Delgado,male,alvadelgado@cox.net,975 Sofianlehdonkatu,00610,82
688,Benjamin,Jourdain,male,benjamin@msn.com,256 Vänrikki Stoolin katu,00100,60
689,Leigh,Napier,female,l.napier@gmail.com,231 Vänrikki Stoolin katu,00100,16
690,Tracey,Harrell,male,harrell@cox.net,230 Sofianlehdonkatu,00610,26
691,Jenna,Bock,female,jennabock@yahoo.com,693 Oksasenkatu,00100,2
692,William,Farley,male,william_farley@gmail.com,506 Niitynperäntie,00440,18
693,Avis,Enciso,female,avis_enciso@gmail.com,141 Apollonkatu,00100,42
694,Lora,Azam,male,lazam@comcast.net,150 Vänrikki Stoolin katu,00100,70
695,Bobbi,Segundo,female,b.segundo@cox.net,290 Ilmarinkatu,00100,50
696,Carey,Mallory,female,carey.mallory@msn.com,3 Apollonkatu,00100,6
697,Lee,Ahumada,female,l.ahumada@msn.com,886 Lapuankatu,00100,13
698,Suzette,Gale,female,s_gale@comcast.net,585 Sofianlehdonkatu,00610,22
699,Clement,Jenkins,male,clementjenkins@aol.com,694 Museokatu,00100,50
700,Hunter,Infante,female,hinfante@yahoo.com,29 Sofianlehdonkatu,00610,60
701,Gerardo,Britton,female,gerardo_britton@hotmail.com,519 Oksasenkatu,00100,26
702,Keith,Baylor,male,k_baylor@aol.com,925 Lapuankatu,00100,27
703,Mitchell,Collins,male,collins@msn.com,947 Fredrikinkatu,00100,27
704,Georgina,Robertson,female,g_robertson@aol.com,699 Oksasenkatu,00100,21
705,Iris,Ford,male,ford@cox.net,580 Apollonkatu,00100,43
706,Esmeralda,Boone,female,e_boone@hotmail.com,75 Museokatu,00100,3
707,Katharine,Cotton,female,k.cotton@comcast.net,301 Sofianlehdonkatu,00610,26
708,Mason,Ulloa,male,m.ulloa@msn.com,398 Museokatu,00100,1
709,Elvis,Kong,male,e_kong@aol.com,179 Lapuankatu,00100,28
710,Rafael,Gillespie,male,r.gillespie@comcast.net,144 Niitynperäntie,00440,0
711,Julian,Rahman,male,julian.rahman@hotmail.com,440 Tunturikatu,00100,21
712,Rodolfo,Kou,male,kou@msn.com,268 Museokatu,00100,25
713,Frieda,Bonds,male,frieda_bonds@verizon.net,21 Ilmarinkatu,00100,18
714,Neil,Traylor,male,ntraylor@gmail.com,729 Museokatu,00100,41
715,Lynn,Titus,female,lynn@hotmail.com,339 Sofianlehdonkatu,00610,66
716,Winifred,Pittman,male,wpittman@hotmail.com,214 Ilmarinkatu,00100,72
717,Tristan,Sengupta,female,t_sengupta@cox.net,787 Kuparitie,00440,47
718,Rudy,Hewitt,female,rudy@gmail.com,566 Lutherinkatu,00100,42
719,Gladys,Ponder,female,ponder@gmail.com,19 Apollonkatu,00100,78
720,Jeanne,Garay,male,jeanne@hotmail.com,137 Sofianlehdonkatu,00610,51
721,Rena,Monterroso,female,monterroso@msn.com,592 Lapuankatu,00100,58
722,Deloris,Marshall,male,marshall@msn.com,859 Sofianlehdonkatu,00610,11
723,Josue,Advani,male,j.advani@comcast.net,183 Fredrikinkatu,00100,37
724,Robin,Culver,male,robinculver@msn.com,582 Vaakakuja,00440,55
725,Brooks,Quan,male,b.quan@msn.com,972 Cygnaeuksenkatu,00100,45
726,Kara,Jamison,female,kjamison@msn.com,621 Tunturikatu,00100,63
727,Miguel,Colmenares,male,miguelcolmenares@aol.com,590 Apollonkatu,00100,11
728,Raquel,French,male,raquel@hotmail.com,75 Sofianlehdonkatu,00610,10
729,Kris,Schultz,male,schultz@yahoo.com,567 Töölönkatu,00100,21
730,Dominick,Sanjuan,male,d.sanjuan@gmail.com,374 Oksasenkatu,00100,20
731,Gonzalo,Cagle,male,gonzalo.cagle@comcast.net,25 Pronssitie,00440,8
732,Bonnie,Sakai,male,b.sakai@hotmail.com,61 Oksasenkatu,00100,26
733,Emily,Mccree,female,emily_mccree@comcast.net,74 Apollonkatu,00100,16
734,Darlene,Rush,female,darlene.rush@comcast.net,118 Sofianlehdonkatu,00610,73
735,Daniel,Mobley,male,dmobley@hotmail.com,436 Vänrikki Stoolin katu,00100,65
736,Brooks,Barnes,female,brooks.barnes@verizon.net,56 Sofianlehdonkatu,00610,40
737,Silas,Min,male,silas.min@gmail.com,175 Sofianlehdonkatu,00610,20
738,Parker,Lombardo,female,parker@msn.com,150 Tunturikatu,00100,5
739,Randell,Mendieta,male,mendieta@hotmail.com,606 Museokatu,00100,76
740,Rhoda,Haley,female,r_haley@yahoo.com,109 Fredrikinkatu,00100,55
741,Dominique,Gibbons,male,d.gibbons@hotmail.com,27 Museokatu,00100,8
742,Jackson,Blackbird,male,blackbird@verizon.net,482 Lapuankatu,00100,42
743,Sandy,Blocker,female,s_blocker@msn.com,688 Vänrikki Stoolin katu,00100,27
744,Daphne,Whitlock,female,daphne_whitlock@comcast.net,245 Leiviskätie,00440,45
745,Ed,Maynard,male,ed@verizon.net,338 Sofianlehdonkatu,00610,48
746,Beau,Bruner,male,beaubruner@hotmail.com,608 Apollonkatu,00100,25
747,Katina,Padgett,female,katina.padgett@cox.net,309 Niitynperäntie,00440,31
748,Adolfo,Barnett,male,a.barnett@gmail.com,611 Vänrikki Stoolin katu,00100,6
749,Jack,Apodaca,female,jack_apodaca@gmail.com,790 Museokatu,00100,3
750,Alexander,Crump,male,alexander@verizon.net,791 Museokatu,00100,3
751,Freddie,Servin,male,fservin@yahoo.com,200 Lapuankatu,00100,47
752,Kathryn,Noyola,female,kathrynnoyola@cox.net,523 Sofianlehdonkatu,00610,27
753,Dorian,Yeo,male,dyeo@msn.com,493 Ilmarinkatu,00100,41
754,Concetta,Langley,female,clangley@cox.net,677 Sofianlehdonkatu,00610,61
755,Eva,Hunt,female,e.hunt@aol.com,79 Niitynperäntie,00440,51
756,Annie,Grimm,female,grimm@gmail.com,793 Oksasenkatu,00100,42
757,Lara,Brooks,female,l.brooks@msn.com,771 Leppäsuonkatu,00100,38
758,Haley,Hill,female,haley@hotmail.com,805 Vänrikki Stoolin katu,00100,42
759,Rosanne,Miyamoto,female,rosanne.miyamoto@verizon.net,381 Apollonkatu,00100,66
760,Carmine,Middlebrooks,male,carminemiddlebrooks@yahoo.com,713 Lapuankatu,00100,47
761,Myra,Riley,female,mriley@aol.com,87 Aurorankatu,00100,62
762,Roxanne,Campos,male,roxanne@verizon.net,921 Museokatu,00100,12
763,Bettie,Bowman,female,bettie_bowman@verizon.net,649 Sofianlehdonkatu,00610,1
764,Marie,Cevallos,female,mcevallos@yahoo.com,292 Ilmarinkatu,00100,2
765,Riley,Quiros,male,rquiros@gmail.com,350 Oksasenkatu,00100,26
766,Frederic,Meier,female,fmeier@msn.com,4 Kuparitie,00440,0
767,Christie,Broadnax,female,christie@cox.net,247 Museokatu,00100,27
768,Heriberto,Pereda,female,h.pereda@gmail.com,358 Vänrikki Stoolin katu,00100,65
769,Johnathon,Sanders,male,johnathon.sanders@msn.com,871 Töölönkatu,00100,26
770,Will,Silver,male,w_silver@gmail.com,811 Sofianlehdonkatu,00610,40
771,Antwan,Miyashiro,male,miyashiro@comcast.net,915 Sofianlehdonkatu,00610,7
772,Felipe,Moultrie,female,felipe_moultrie@yahoo.com,850 Museokatu,00100,41
773,Pearlie,Delbosque,female,pearlie.delbosque@hotmail.com,466 Vänrikki Stoolin katu,00100,21
774,Cory,Zorrilla,male,cory_zorrilla@yahoo.com,3 Niitynperäntie,00440,35
775,Josefa,Trahan,female,jtrahan@msn.com,935 Sofianlehdonkatu,00610,62
776,Moises,Rooks,male,moises.rooks@hotmail.com,71 Museokatu,00100,16
777,Isiah,Frank,female,frank@cox.net,785 Vaakatie,00440,3
778,David,Horner,male,david_horner@yahoo.com,325 Vänrikki Stoolin katu,00100,61
779,Addie,Sykes,female,addie_sykes@verizon.net,815 Museokatu,00100,46
780,Federico,Morita,female,fmorita@verizon.net,386 Leiviskätie,00440,5
781,Ginger,Pinales,female,g.pinales@comcast.net,942 Sofianlehdonkatu,00610,23
782,Myles,Carrillo,male,carrillo@cox.net,48 Sofianlehdonkatu,00610,0
783,Dino,Teague,male,dino@aol.com,184 Museokatu,00100,31
784,Eloise,Stover,female,stover@gmail.com,295 Cygnaeuksenkatu,00100,18
785,Lessie,Petty,female,l_petty@comcast.net,230 Töölönkatu,00100,17
786,Sergio,Dixit,male,s.dixit@aol.com,50 Töölönkatu,00100,8
787,Chadwick,Londono,male,c.londono@cox.net,726 Apollonkatu,00100,33
788,Eduardo,Pringle,male,e_pringle@msn.com,257 Vaakakuja,00440,48
789,Bill,Gatewood,male,gatewood@verizon.net,992 Lutherinkatu,00100,26
790,Art,Wagner,male,wagner@yahoo.com,944 Sofianlehdonkatu,00610,50
791,Houston,Giron,male,hgiron@hotmail.com,328 Ilmarinkatu,00100,36
792,Marguerite,Notah,female,m.notah@comcast.net,769 Sofianlehdonkatu,00610,12
793,Doyle,Tyndall,male,doyle@hotmail.com,991 Ilmarinkatu,00100,6
794,Sonny,Grimaldo,male,sonny_grimaldo@comcast.net,343 Sofianlehdonkatu,00610,46
795,Mia,Duffy,male,mia.duffy@msn.com,166 Oksasenkatu,00100,5
796,Marsha,Godines,female,m_godines@comcast.net,860 Vänrikki Stoolin katu,00100,1
797,Velma,Szeto,male,v.szeto@msn.com,876 Lutherinkatu,00100,1
798,Polly,Oshiro,female,oshiro@aol.com,920 Oksasenkatu,00100,36
799,Todd,Wilder,male,todd@msn.com,713 Dagmarinkatu,00100,27
800,Lana,Hood,female,l.hood@aol.com,625 Vänrikki Stoolin katu,00100,53
801,Audrey,Hunt,female,audrey_hunt@cox.net,576 Oksasenkatu,00100,20
802,Harvey,Liew,male,liew@msn.com,55 Ilmarinkatu,00100,18
803,Aurelio,Britt,male,aurelio@msn.com,207 Sofianlehdonkatu,00610,33
804,Susanna,Riley,female,susanna_riley@msn.com,566 Apollonkatu,00100,23
805,Seymour,Walton,male,seymour.walton@yahoo.com,733 Aurorankatu,00100,35
806,Mervin,Powell,male,mervin@yahoo.com,88 Cygnaeuksenkatu,00100,67
807,Lakeisha,Stevens,female,lakeisha.stevens@gmail.com,933 Vänrikki Stoolin katu,00100,67
808,April,Mcdaniel,male,april.mcdaniel@aol.com,476 Sofianlehdonkatu,00610,80
809,Angela,Zapien,male,angelazapien@hotmail.com,686 Museokatu,00100,6
810,Royce,Hart,male,r_hart@hotmail.com,702 Ilmarinkatu,00100,17
811,Jerald,Sparks,male,jsparks@hotmail.com,82 Vaakatie,00440,27
812,Sammy,Lemus,male,sammylemus@comcast.net,912 Dagmarinkatu,00100,68
813,Young,Barry,female,barry@yahoo.com,206 Museokatu,00100,5
814,Carol,Velasco,female,c_velasco@verizon.net,484 Apollonkatu,00100,8
815,Sheila,Narayanan,male,s_narayanan@comcast.net,676 Vänrikki Stoolin katu,00100,10
816,Linwood,Rucker,male,linwood.rucker@hotmail.com,831 Vänrikki Stoolin katu,00100,8
817,Regina,Drew,female,r.drew@msn.com,72 Sofianlehdonkatu,00610,6
818,Lynne,Jorge,male,lynne_jorge@verizon.net,94 Niitynperäntie,00440,33
819,Elwood,Cooke,male,ecooke@cox.net,707 Oksasenkatu,00100,45
820,Rodney,Brayboy,male,r_brayboy@aol.com,576 Vänrikki Stoolin katu,00100,51
821,Shanna,Uchida,male,shanna@cox.net,893 Vänrikki Stoolin katu,00100,3
822,Freida,Prince,female,freida.prince@cox.net,73 Museokatu,00100,0
823,Mack,Acosta,male,mack.acosta@verizon.net,394 Tunturikatu,00100,1
824,Delores,Toscano,female,delorestoscano@hotmail.com,484 Oksasenkatu,00100,38
825,Yvonne,Marez,female,y_marez@msn.com,607 Töölönkatu,00100,41
826,Monroe,Warner,male,m_warner@msn.com,908 Cygnaeuksenkatu,00100,27
827,Jacquelyn,Bethel,female,jacquelynbethel@hotmail.com,218 Sofianlehdonkatu,00610,83
828,Abdul,Yoshimoto,male,abdul@msn.com,284 Lapuankatu,00100,61
829,Scot,Encarnacion,male,encarnacion@verizon.net,567 Laurinniityntie,00440,50
830,Bernie,Tackett,male,bernie.tackett@comcast.net,305 Laurinniityntie,00440,85
831,Clair,Saelee,male,clair_saelee@verizon.net,455 Sofianlehdonkatu,00610,2
832,Erin,Zimmerman,male,erin.zimmerman@hotmail.com,139 Apollonkatu,00100,11
833,Marcel,Weng,female,marcel.weng@cox.net,119 Museokatu,00100,13
834,Bennie,Bhatti,male,bbhatti@comcast.net,228 Tunturikatu,00100,0
835,Denver,Griffith,female,denvergriffith@gmail.com,435 Museokatu,00100,36
836,Fran,Delgarito,female,fran_delgarito@hotmail.com,385 Lapuankatu,00100,1
837,Mohammad,Aikens,male,mohammad_aikens@cox.net,188 Museokatu,00100,38
838,Julia,Parrish,female,julia@gmail.com,699 Museokatu,00100,56
839,Frances,Chavez,male,frances@comcast.net,866 Laurinniityntie,00440,22
840,Nadia,Li,female,nadia@cox.net,259 Lutherinkatu,00100,66
841,Johanna,Misra,female,j.misra@gmail.com,821 Sofianlehdonkatu,00610,46
842,Raphael,Cage,male,cage@yahoo.com,830 Sofianlehdonkatu,00610,10
843,Moses,Stephens,male,m.stephens@yahoo.com,271 Leppäsuonkatu,00100,30
844,Naomi,Boswell,female,naomi_boswell@gmail.com,57 Sofianlehdonkatu,00610,23
845,Rodrigo,Rastogi,male,rodrigo_rastogi@msn.com,650 Niitynperäntie,00440,12
846,Angelique,Morales,female,a.morales@aol.com,590 Sofianlehdonkatu,00610,10
847,Latonya,Hartman,male,l_hartman@gmail.com,551 Lapuankatu,00100,15
848,Fannie,Roman,male,f.roman@gmail.com,18 Cygnaeuksenkatu,00100,48
849,Natalia,Mcneill,female,nmcneill@gmail.com,378 Museokatu,00100,31
850,Alva,Keating,male,a_keating@gmail.com,952 Apollonkatu,00100,21
851,Heather,Ellsworth,female,hellsworth@verizon.net,932 Oksasenkatu,00100,26
852,Erica,Marlow,female,e.marlow@msn.com,670 Niitynperäntie,00440,18
853,Amos,Moreira,male,amos.moreira@gmail.com,897 Museokatu,00100,51
854,Edmond,Vo,male,e_vo@verizon.net,976 Oksasenkatu,00100,3
855,Jessica,Lafferty,male,j_lafferty@hotmail.com,626 Aurorankatu,00100,46
856,Selena,Melendrez,male,selena@verizon.net,162 Ilmarinkatu,00100,17
857,Madeleine,Abney,female,madeleine_abney@yahoo.com,273 Tinatie,00440,17
858,Jeannette,Carmichael,female,jcarmichael@comcast.net,487 Töölönkatu,00100,7
859,Earle,Jordan,male,earlejordan@verizon.net,897 Apollonkatu,00100,25
860,Rocky,Hein,male,hein@msn.com,65 Oksasenkatu,00100,10
861,Marlene,Collazo,female,marlene.collazo@comcast.net,811 Oksasenkatu,00100,36
862,Corinne,Munson,male,c_munson@cox.net,867 Sofianlehdonkatu,00610,7
863,Wyatt,Zimmer,male,wyatt@gmail.com,302 Aurorankatu,00100,30
864,Georgette,Walden,female,georgette.walden@hotmail.com,607 Oksasenkatu,00100,7
865,Kent,Rodriguez,male,kentrodriguez@aol.com,482 Sofianlehdonkatu,00610,50
866,Williams,Shaw,male,williams@comcast.net,862 Sofianlehdonkatu,00610,46
867,Christy,Galan,female,christy@cox.net,315 Leppäsuonkatu,00100,26
868,Tessa,Walsh,female,t_walsh@yahoo.com,620 Aurorankatu,00100,5
869,Roland,Hall,male,roland@yahoo.com,950 Museokatu,00100,41
870,Robbie,Hackett,female,robbie.hackett@aol.com,431 Oksasenkatu,00100,36
871,Quentin,Tillman,male,tillman@msn.com,84 Apollonkatu,00100,73
872,Wilson,Bermejo,male,wilson.bermejo@aol.com,118 Hopeatie,00440,20
873,Jasper,Joseph,male,j.joseph@aol.com,254 Fredrikinkatu,00100,37
874,Magdalena,Fujikawa,female,magdalena@hotmail.com,287 Cygnaeuksenkatu,00100,3
875,Wilburn,Nugent,male,w_nugent@verizon.net,549 Oksasenkatu,00100,3
876,Willie,Dandridge,female,willie@verizon.net,412 Cygnaeuksenkatu,00100,3
877,Katherine,Em,female,em@comcast.net,176 Oksasenkatu,00100,30
878,Eric,Lucio,male,lucio@yahoo.com,772 Museokatu,00100,22
879,Claudia,Whitley,female,claudia@msn.com,403 Ilmarinkatu,00100,55
880,Yesenia,Pierce,female,yesenia_pierce@cox.net,46 Fredrikinkatu,00100,46
881,Goldie,Foster,female,g_foster@gmail.com,128 Museokatu,00100,11
882,Everette,Carlton,male,everette_carlton@yahoo.com,919 Kuparitie,00440,17
883,Gabriela,Pando,male,g.pando@verizon.net,640 Lapuankatu,00100,6
884,Neal,Castaneda,male,neal@aol.com,143 Tunturikatu,00100,22
885,Norman,Ogata,male,n_ogata@yahoo.com,369 Museokatu,00100,68
886,Trenton,Meng,male,trentonmeng@gmail.com,796 Sofianlehdonkatu,00610,13
887,Dudley,Sanjuan,female,dsanjuan@verizon.net,137 Vänrikki Stoolin katu,00100,65
888,Debra,Keys,female,debrakeys@gmail.com,408 Aurorankatu,00100,3
889,Isaiah,Fox,female,ifox@gmail.com,146 Aurorankatu,00100,42
890,Leo,Tucker,female,leo_tucker@msn.com,254 Museokatu,00100,12
891,Rusty,Saha,male,r.saha@yahoo.com,379 Apollonkatu,00100,55
892,Denise,Ritchie,female,denise@msn.com,411 Museokatu,00100,15
893,Elizabeth,Fernandez,female,e.fernandez@verizon.net,162 Oksasenkatu,00100,15
894,Melisa,Leflore,male,m.leflore@comcast.net,188 Hopeatie,00440,48
895,Eddie,House,female,e.house@cox.net,493 Aurorankatu,00100,27
896,Lila,Dobson,female,ldobson@hotmail.com,599 Töölönkatu,00100,57
897,Billie,Goss,male,billiegoss@gmail.com,488 Oksasenkatu,00100,20
898,Dane,Pratt,male,dane.pratt@hotmail.com,627 Vänrikki Stoolin katu,00100,15
899,Mervin,Singson,female,m_singson@msn.com,886 Niitynperäntie,00440,27
900,Randall,Kealoha,male,randall_kealoha@comcast.net,172 Oksasenkatu,00100,62
901,Kenya,Dias,female,kenya.dias@verizon.net,25 Vaakakuja,00440,11
902,Beatrice,Ponce,female,beatriceponce@comcast.net,739 Sofianlehdonkatu,00610,53
903,Brad,Parsons,male,bradparsons@yahoo.com,639 Apollonkatu,00100,22
904,Kim,Lopez,female,klopez@yahoo.com,267 Lapuankatu,00100,11
905,Johnathon,Caballero,male,j.caballero@comcast.net,700 Museokatu,00100,6
906,Milagros,Hampton,female,milagros_hampton@hotmail.com,836 Sofianlehdonkatu,00610,35
907,Margie,Marsh,female,m_marsh@gmail.com,652 Hopeatie,00440,3
908,Russel,Luke,female,luke@yahoo.com,229 Lapuankatu,00100,28
909,Karl,Nguyen,male,nguyen@cox.net,176 Tunturikatu,00100,13
910,Trina,Ando,female,ando@verizon.net,201 Hopeatie,00440,45
911,Cynthia,Hamlin,female,cynthia_hamlin@hotmail.com,418 Fredrikinkatu,00100,56
912,Janie,Auyeung,male,auyeung@aol.com,497 Sofianlehdonkatu,00610,27
913,Adrian,Cavanaugh,female,adrian@hotmail.com,387 Apollonkatu,00100,0
914,Al,Jo,female,al.jo@comcast.net,599 Sofianlehdonkatu,00610,25
915,Alphonse,Rutherford,male,alphonse@verizon.net,977 Töölönkatu,00100,11
916,Evangeline,Wise,male,evangeline.wise@cox.net,878 Lapuankatu,00100,38
917,Celeste,Altamirano,male,celestealtamirano@hotmail.com,140 Aurorankatu,00100,33
918,Kristi,Perkins,female,kperkins@yahoo.com,600 Lapuankatu,00100,28
919,Archie,Broughton,male,archie_broughton@hotmail.com,993 Niittykulmantie,00440,41
920,Marc,Banh,male,marcbanh@comcast.net,29 Oksasenkatu,00100,51
921,Patrica,Caceres,female,patrica@cox.net,800 Sofianlehdonkatu,00610,77
922,Bret,Mori,female,b_mori@msn.com,387 Museokatu,00100,3
923,Essie,Dunlap,male,dunlap@cox.net,273 Museokatu,00100,32
924,Mark,Sauer,male,mark@cox.net,324 Fredrikinkatu,00100,28
925,Lucien,Hui,female,l_hui@hotmail.com,75 Töölönkatu,00100,35
926,Morgan,Bruce,female,morganbruce@msn.com,110 Apollonkatu,00100,12
927,Jennifer,Bowman,female,jbowman@yahoo.com,228 Vänrikki Stoolin katu,00100,22
928,Amy,Sanford,female,a.sanford@aol.com,383 Museokatu,00100,36
929,Eldon,Tran,male,e.tran@aol.com,333 Lapuankatu,00100,30
930,Antonio,Leonard,male,antonio_leonard@yahoo.com,728 Fredrikinkatu,00100,0
931,Chandra,Reynoso,female,reynoso@aol.com,169 Ilmarinkatu,00100,21
932,Iva,Hom,female,i_hom@cox.net,467 Fredrikinkatu,00100,21
933,Cruz,Pichardo,male,c_pichardo@hotmail.com,431 Tunturikatu,00100,20
934,Dusty,Vincent,male,dusty.vincent@hotmail.com,599 Sofianlehdonkatu,00610,27
935,Christa,Davenport,female,cdavenport@hotmail.com,830 Ilmarinkatu,00100,22
936,Issac,Sylvester,female,issacsylvester@comcast.net,313 Fredrikinkatu,00100,7
937,Cathy,Wildcat,female,c.wildcat@hotmail.com,214 Lutherinkatu,00100,22
938,Clarissa,Threatt,female,c.threatt@yahoo.com,810 Museokatu,00100,80
939,Duncan,Peguero,male,peguero@cox.net,450 Vänrikki Stoolin katu,00100,61
940,Billie,Pina,female,bpina@comcast.net,412 Ilmarinkatu,00100,13
941,Linda,Rogers,female,lindarogers@msn.com,778 Oksasenkatu,00100,71
942,Chasity,Sweet,female,chasity@comcast.net,162 Vänrikki Stoolin katu,00100,42
943,Tristan,Yong,male,tristan_yong@comcast.net,544 Sofianlehdonkatu,00610,61
944,Rochelle,Bermudez,female,bermudez@comcast.net,153 Museokatu,00100,13
945,Silas,Rembert,male,silas.rembert@aol.com,636 Oksasenkatu,00100,17
946,Melanie,Lamb,female,mlamb@comcast.net,435 Sofianlehdonkatu,00610,37
947,Emile,Castro,male,e_castro@verizon.net,303 Sofianlehdonkatu,00610,11
948,Emery,Burke,male,eburke@cox.net,486 Sofianlehdonkatu,00610,12
949,Anton,Steiner,male,asteiner@aol.com,118 Ilmarinkatu,00100,37
950,Burton,Bacani,male,b_bacani@gmail.com,892 Vaakatie,00440,0
951,Bernardo,Stuart,male,bernardo.stuart@hotmail.com,55 Tunturikatu,00100,56
952,Bart,Bess,male,bbess@aol.com,419 Lapuankatu,00100,8
953,Doris,Tatum,female,doris.tatum@yahoo.com,872 Vaakakuja,00440,57
954,Dick,Miller,male,dick.miller@msn.com,912 Apollonkatu,00100,31
955,Carissa,Kaplan,male,c.kaplan@cox.net,817 Sofianlehdonkatu,00610,36
956,Cristina,Izaguirre,female,cristinaizaguirre@comcast.net,117 Apollonkatu,00100,38
957,Ila,Jimerson,female,i.jimerson@hotmail.com,250 Museokatu,00100,45
958,Kimberley,Joseph,male,k.joseph@cox.net,386 Vaakatie,00440,57
959,Isabel,Talamantes,female,i_talamantes@yahoo.com,219 Lapuankatu,00100,36
960,Rebecca,Cervantes,female,rebeccacervantes@comcast.net,87 Lapuankatu,00100,56
961,Tomas,Mcclellan,female,tomas@msn.com,744 Cygnaeuksenkatu,00100,31
962,Sheldon,Prado,male,sheldon_prado@cox.net,276 Hopeatie,00440,50
963,Steve,Wei,male,steve@aol.com,614 Fredrikinkatu,00100,17
964,Janice,Franks,female,janice_franks@msn.com,390 Laurinniityntie,00440,73
965,Kristopher,Tuttle,male,k_tuttle@msn.com,127 Sofianlehdonkatu,00610,61
966,Erika,Hossain,female,erika_hossain@aol.com,581 Aurorankatu,00100,16
967,Caroline,Tafoya,male,caroline.tafoya@comcast.net,714 Museokatu,00100,71
968,Murray,Street,male,murray_street@verizon.net,837 Aurorankatu,00100,62
969,Erna,Cosme,female,erna_cosme@gmail.com,912 Museokatu,00100,16
970,Anne,Mccants,female,annemccants@aol.com,982 Fredrikinkatu,00100,88
971,Wiley,Benitez,male,benitez@aol.com,958 Oksasenkatu,00100,51
972,Bianca,Veloz,male,biancaveloz@comcast.net,120 Fredrikinkatu,00100,37
973,Wiley,Diamond,male,w.diamond@msn.com,932 Apollonkatu,00100,20
974,Lauren,Sosa,female,lauren.sosa@yahoo.com,606 Apollonkatu,00100,71
975,Serena,Diver,female,serena_diver@yahoo.com,201 Museokatu,00100,37
976,Charmaine,Silverio,female,c_silverio@yahoo.com,850 Museokatu,00100,30
977,Mona,Deese,male,m.deese@hotmail.com,505 Tunturikatu,00100,1
978,Amie,Mendoza,male,amendoza@hotmail.com,918 Oksasenkatu,00100,6
979,Fay,Cook,female,f.cook@cox.net,16 Hopeatie,00440,45
980,Lucille,Alvarado,female,lalvarado@msn.com,222 Oksasenkatu,00100,12
981,Marla,Montemayor,female,marla.montemayor@yahoo.com,812 Cygnaeuksenkatu,00100,26
982,Barbara,Covington,female,barbara.covington@gmail.com,430 Cygnaeuksenkatu,00100,1
983,Guadalupe,Malik,male,g.malik@msn.com,517 Hopeatie,00440,22
984,Deann,Tenorio,male,deanntenorio@cox.net,507 Lapuankatu,00100,11
985,Max,Decker,male,max@hotmail.com,320 Laurinniityntie,00440,57
986,Hunter,Park,male,h_park@yahoo.com,531 Fredrikinkatu,00100,30
987,Eugene,Poblete,male,eugene@msn.com,816 Sofianlehdonkatu,00610,11
988,Beryl,Metcalf,female,beryl.metcalf@hotmail.com,663 Oksasenkatu,00100,8
989,Heriberto,Hirsch,male,h.hirsch@aol.com,957 Töölönkatu,00100,10
990,Matt,Feaster,male,m_feaster@cox.net,251 Töölönkatu,00100,51
991,Marissa,Pike,female,marissa@aol.com,612 Museokatu,00100,67
992,Refugio,Ramachandran,female,refugioramachandran@gmail.com,154 Sofianlehdonkatu,00610,31
993,Adam,Swan,male,a.swan@msn.com,772 Museokatu,00100,73
994,Valeria,Coates,female,vcoates@comcast.net,720 Lapuankatu,00100,8
995,Gregg,Memon,female,gregg@cox.net,419 Apollonkatu,00100,31
996,Marcy,Lawson,female,mlawson@gmail.com,421 Oksasenkatu,00100,16
997,Janell,Andrews,female,janell@gmail.com,495 Kuparitie,00440,53
998,Flossie,Boyer,female,f_boyer@hotmail.com,7 Niitynperäntie,00440,16
999,Vern,Alvidrez,male,vern_alvidrez@hotmail.com,990 Museokatu,00100,13
